Order_ID,Product_ID,Category,Supplier,Warehouse_Location,Order_Date,Delivery_Date,Quantity_Ordered,Unit_Cost,Unit_Selling_Price,Stock_On_Hand,Reorder_Level,Delivery_Status,Profit,Demand_Forecast_Accuracy
ORD1000,PRD122,Electronics,PrimeWare,Bangalore,08-02-2023,22-02-2023,61,545,693.6527759,202,65,On-Time,9067.819332,90.74
ORD1001,PRD982,Apparel,Nova Traders,Bangalore,12-11-2023,25-11-2023,149,1267,1574.882132,365,76,On-Time,45874.4376,98.18
ORD1002,PRD573,Electronics,Global Supply Co.,Chennai,16-12-2023,27-12-2023,134,737,840.5421861,323,126,On-Time,13874.65293,70.67
ORD1003,PRD736,Furniture,PrimeWare,Chennai,10-01-2023,15-01-2023,29,672,784.6025463,413,68,On-Time,3265.473844,85.17
ORD1004,PRD595,Apparel,PrimeWare,Bangalore,27-12-2023,29-12-2023,143,230,332.0704805,390,114,On-Time,14596.07871,92.23
ORD1005,PRD126,Furniture,Nova Traders,Chennai,03-02-2023,09-02-2023,174,292,352.3651541,257,101,On-Time,10503.5368,70.65
ORD1006,PRD410,Electronics,Alpha Distributors,Delhi,28-09-2023,13-10-2023,9,555,688.4840931,45,120,On-Time,1201.356838,73.16
ORD1007,PRD876,Electronics,Global Supply Co.,Delhi,12-12-2023,14-12-2023,101,645,781.4050627,208,87,On-Time,13776.91134,90.9
ORD1008,PRD734,Furniture,Alpha Distributors,Bangalore,11-06-2023,25-06-2023,25,1232,1695.865953,398,95,On-Time,11596.64883,81.98
ORD1009,PRD182,Electronics,Global Supply Co.,Mumbai,18-11-2023,29-11-2023,162,840,1031.151209,53,85,On-Time,30966.4958,78.34
ORD1010,PRD373,Apparel,Nova Traders,Delhi,04-02-2023,16-02-2023,73,1931,2369.232483,153,138,On-Time,31990.97128,92.5
ORD1011,PRD744,Furniture,Alpha Distributors,Mumbai,28-05-2023,12-06-2023,11,1853,2672.54429,128,139,Delayed,9014.987186,94.67
ORD1012,PRD265,Apparel,Global Supply Co.,Delhi,04-07-2023,16-07-2023,196,1763,2600.602925,197,82,On-Time,164170.1732,83.24
ORD1013,PRD699,Electronics,Alpha Distributors,Bangalore,20-01-2023,31-01-2023,85,1029,1141.536181,183,74,On-Time,9565.575406,92.91
ORD1014,PRD346,Apparel,PrimeWare,Bangalore,01-04-2023,03-04-2023,45,1932,2311.666018,359,85,On-Time,17084.9708,79.64
ORD1015,PRD952,Electronics,UniSource,Bangalore,17-10-2023,21-10-2023,48,512,628.3338557,23,125,On-Time,5584.025075,85.79
ORD1016,PRD379,Apparel,PrimeWare,Delhi,28-12-2023,05-01-2024,167,791,1071.869639,198,120,On-Time,46905.22974,78.51
ORD1017,PRD896,Furniture,Alpha Distributors,Bangalore,21-09-2023,27-09-2023,8,1275,1404.095963,25,106,On-Time,1032.767707,97.89
ORD1018,PRD271,Apparel,Global Supply Co.,Bangalore,24-02-2023,10-03-2023,196,766,855.3841529,469,113,On-Time,17519.29397,85.89
ORD1019,PRD357,Furniture,Alpha Distributors,Chennai,18-09-2023,28-09-2023,59,1470,2012.382762,212,116,Delayed,32000.58293,90.76
ORD1020,PRD251,Electronics,UniSource,Delhi,13-05-2023,18-05-2023,100,484,678.7476486,268,82,On-Time,19474.76486,83.81
ORD1021,PRD969,Apparel,Global Supply Co.,Mumbai,19-11-2023,01-12-2023,8,1040,1527.849854,447,103,On-Time,3902.79883,97.16
ORD1022,PRD356,Apparel,UniSource,Chennai,12-12-2023,27-12-2023,104,1703,2104.763161,279,144,Delayed,41783.3687,83.37
ORD1023,PRD270,Apparel,Alpha Distributors,Mumbai,13-11-2023,15-11-2023,114,950,1349.842431,209,100,On-Time,45582.03717,85.77
ORD1024,PRD382,Apparel,Global Supply Co.,Mumbai,25-03-2023,03-04-2023,99,1149,1418.652353,477,91,On-Time,26695.58293,86.58
ORD1025,PRD765,Furniture,Global Supply Co.,Delhi,27-09-2023,30-09-2023,44,747,1072.10112,438,69,On-Time,14304.44928,79.85
ORD1026,PRD258,Electronics,Alpha Distributors,Delhi,16-02-2023,28-02-2023,117,1788,2612.035841,358,97,On-Time,96412.19335,77.07
ORD1027,PRD351,Electronics,Alpha Distributors,Chennai,03-06-2023,07-06-2023,103,235,281.5685052,370,75,Delayed,4796.556034,94.7
ORD1028,PRD748,Apparel,UniSource,Chennai,11-04-2023,19-04-2023,176,273,339.2880527,88,119,On-Time,11666.69727,94.61
ORD1029,PRD716,Furniture,UniSource,Delhi,12-08-2023,27-08-2023,86,1583,2119.953765,216,67,On-Time,46178.02383,75.45
ORD1030,PRD288,Apparel,Nova Traders,Delhi,23-03-2023,27-03-2023,13,1440,2051.088918,261,130,On-Time,7944.15594,89.81
ORD1031,PRD810,Furniture,Global Supply Co.,Bangalore,16-10-2023,23-10-2023,73,1003,1359.242571,400,134,On-Time,26005.70765,99.96
ORD1032,PRD674,Electronics,UniSource,Bangalore,16-03-2023,22-03-2023,194,1960,2398.63574,495,132,On-Time,85095.33349,97.38
ORD1033,PRD113,Furniture,Global Supply Co.,Bangalore,08-02-2023,10-02-2023,16,409,556.0290041,273,87,On-Time,2352.464065,72.01
ORD1034,PRD146,Electronics,Global Supply Co.,Delhi,14-08-2023,20-08-2023,96,1396,1935.403596,317,59,On-Time,51782.74521,78.13
ORD1035,PRD169,Electronics,Global Supply Co.,Bangalore,10-04-2023,15-04-2023,81,1837,2667.981923,435,53,On-Time,67309.5358,86.12
ORD1036,PRD560,Electronics,PrimeWare,Chennai,06-11-2023,18-11-2023,155,1367,1739.697598,438,84,On-Time,57768.12771,84.05
ORD1037,PRD178,Electronics,Nova Traders,Mumbai,07-02-2023,14-02-2023,81,1049,1443.052077,454,139,Delayed,31918.21824,99.5
ORD1038,PRD386,Electronics,Alpha Distributors,Bangalore,27-02-2023,13-03-2023,182,1322,1870.495351,37,115,On-Time,99826.15388,74.82
ORD1039,PRD830,Electronics,Nova Traders,Mumbai,14-06-2023,21-06-2023,63,1298,1892.663666,381,62,On-Time,37463.81097,70.01
ORD1040,PRD828,Electronics,Nova Traders,Bangalore,16-08-2023,27-08-2023,94,1469,1862.905233,385,72,On-Time,37027.09192,84.84
ORD1041,PRD214,Furniture,UniSource,Bangalore,15-05-2023,28-05-2023,58,1890,2270.549106,257,120,Delayed,22071.84814,95.23
ORD1042,PRD862,Electronics,Global Supply Co.,Mumbai,11-12-2023,16-12-2023,192,1166,1643.245712,88,96,Delayed,91631.1767,75.98
ORD1043,PRD403,Electronics,UniSource,Mumbai,10-08-2023,12-08-2023,27,1611,2318.078028,64,65,On-Time,19091.10676,91.12
ORD1044,PRD141,Furniture,Nova Traders,Bangalore,06-04-2023,21-04-2023,160,643,910.1412144,150,113,On-Time,42742.59431,75.43
ORD1045,PRD470,Furniture,PrimeWare,Mumbai,09-07-2023,15-07-2023,102,979,1101.904428,461,116,On-Time,12536.25166,88.09
ORD1046,PRD118,Apparel,Global Supply Co.,Bangalore,03-09-2023,05-09-2023,144,1267,1800.640327,34,118,Delayed,76844.20712,95.59
ORD1047,PRD267,Apparel,Nova Traders,Mumbai,24-12-2023,08-01-2024,78,1504,1764.220444,79,55,On-Time,20297.19463,99.5
ORD1048,PRD330,Furniture,PrimeWare,Delhi,02-12-2023,04-12-2023,50,1204,1698.680407,400,119,Delayed,24734.02036,79.06
ORD1049,PRD542,Apparel,Alpha Distributors,Mumbai,14-05-2023,17-05-2023,88,477,543.6500163,192,77,On-Time,5865.201433,84.61
ORD1050,PRD169,Apparel,PrimeWare,Chennai,12-05-2023,26-05-2023,82,800,1101.272961,87,118,On-Time,24704.3828,79
ORD1051,PRD815,Electronics,UniSource,Mumbai,23-09-2023,30-09-2023,111,1299,1692.328426,346,100,On-Time,43659.4553,81.23
ORD1052,PRD903,Furniture,Global Supply Co.,Bangalore,14-01-2023,27-01-2023,16,667,737.341772,344,103,On-Time,1125.468352,84.48
ORD1053,PRD470,Apparel,PrimeWare,Mumbai,12-01-2023,26-01-2023,29,1040,1434.444453,118,74,On-Time,11438.88913,75.6
ORD1054,PRD783,Furniture,Alpha Distributors,Mumbai,06-01-2023,12-01-2023,199,1245,1509.646378,338,117,On-Time,52664.62924,72.67
ORD1055,PRD486,Electronics,Global Supply Co.,Delhi,27-11-2023,04-12-2023,34,839,1043.586587,228,125,On-Time,6955.943962,76.87
ORD1056,PRD687,Electronics,Nova Traders,Mumbai,03-03-2023,08-03-2023,181,1368,2037.621671,453,70,On-Time,121201.5224,76.21
ORD1057,PRD102,Electronics,PrimeWare,Chennai,18-02-2023,03-03-2023,74,1926,2521.525718,458,92,On-Time,44068.90316,84.8
ORD1058,PRD706,Furniture,UniSource,Chennai,07-08-2023,19-08-2023,48,462,648.2572991,270,61,On-Time,8940.350355,96.66
ORD1059,PRD592,Apparel,Global Supply Co.,Chennai,05-01-2023,15-01-2023,176,1366,1969.926018,160,130,Delayed,106290.9791,75.45
ORD1060,PRD156,Apparel,PrimeWare,Bangalore,13-10-2023,22-10-2023,14,1767,2576.047284,392,131,On-Time,11326.66198,70.83
ORD1061,PRD336,Apparel,PrimeWare,Delhi,13-11-2023,17-11-2023,192,1749,2481.660772,486,111,On-Time,140670.8683,91.13
ORD1062,PRD671,Electronics,Alpha Distributors,Chennai,14-12-2023,20-12-2023,19,1829,2054.934028,299,90,On-Time,4292.74653,82.69
ORD1063,PRD477,Apparel,PrimeWare,Delhi,19-01-2023,23-01-2023,78,464,585.7252586,346,134,Delayed,9494.570169,94.48
ORD1064,PRD119,Furniture,Nova Traders,Delhi,24-10-2023,04-11-2023,161,627,862.9429626,27,52,On-Time,37986.81698,80.63
ORD1065,PRD244,Furniture,Alpha Distributors,Chennai,27-09-2023,05-10-2023,80,810,1111.161748,134,125,On-Time,24092.93984,80.06
ORD1066,PRD210,Apparel,Global Supply Co.,Bangalore,23-02-2023,03-03-2023,195,1497,2188.86506,302,111,Delayed,134913.6868,83.05
ORD1067,PRD861,Furniture,Nova Traders,Bangalore,13-03-2023,25-03-2023,190,997,1186.708621,387,81,On-Time,36044.63793,88.64
ORD1068,PRD716,Electronics,Global Supply Co.,Bangalore,22-04-2023,07-05-2023,54,1660,1996.818537,468,106,On-Time,18188.20101,88.62
ORD1069,PRD636,Electronics,UniSource,Chennai,09-05-2023,12-05-2023,126,1198,1784.14361,265,83,On-Time,73854.0949,99.22
ORD1070,PRD169,Electronics,UniSource,Mumbai,15-04-2023,29-04-2023,52,1886,2246.014455,293,120,On-Time,18720.75168,99.12
ORD1071,PRD167,Electronics,UniSource,Bangalore,18-10-2023,21-10-2023,137,1936,2360.597581,19,126,On-Time,58169.8686,79.37
ORD1072,PRD680,Furniture,Global Supply Co.,Chennai,26-10-2023,31-10-2023,65,710,950.1618678,82,93,On-Time,15610.52141,97.97
ORD1073,PRD933,Apparel,Alpha Distributors,Bangalore,06-04-2023,15-04-2023,104,1200,1664.744444,53,108,On-Time,48333.42217,90.44
ORD1074,PRD942,Apparel,Nova Traders,Bangalore,17-03-2023,01-04-2023,141,550,811.1342618,82,134,On-Time,36819.93092,92.86
ORD1075,PRD578,Electronics,UniSource,Bangalore,03-01-2023,06-01-2023,58,1335,1959.569127,201,99,On-Time,36225.00936,74.33
ORD1076,PRD556,Apparel,Alpha Distributors,Chennai,20-07-2023,03-08-2023,151,602,816.4746859,133,120,On-Time,32385.67758,70.53
ORD1077,PRD602,Electronics,UniSource,Chennai,15-05-2023,28-05-2023,75,1869,2399.967925,163,68,On-Time,39822.59437,81.5
ORD1078,PRD511,Furniture,Nova Traders,Chennai,13-01-2023,22-01-2023,65,1702,2424.529612,141,120,On-Time,46964.42477,81.06
ORD1079,PRD901,Apparel,Alpha Distributors,Delhi,05-10-2023,15-10-2023,154,1186,1329.222568,182,95,On-Time,22056.2755,92.32
ORD1080,PRD381,Electronics,PrimeWare,Bangalore,04-03-2023,11-03-2023,21,273,380.3567532,203,83,On-Time,2254.491817,80.64
ORD1081,PRD104,Apparel,Nova Traders,Chennai,08-10-2023,23-10-2023,42,1009,1178.222798,386,144,On-Time,7107.35753,80.74
ORD1082,PRD693,Electronics,PrimeWare,Delhi,19-08-2023,21-08-2023,120,722,988.7914406,188,121,Delayed,32014.97287,99.32
ORD1083,PRD115,Apparel,Nova Traders,Mumbai,12-04-2023,21-04-2023,144,648,841.2156364,209,130,Delayed,27823.05165,85.83
ORD1084,PRD149,Electronics,Nova Traders,Bangalore,09-04-2023,24-04-2023,183,260,357.2889957,342,86,On-Time,17803.88621,99.03
ORD1085,PRD579,Apparel,UniSource,Delhi,14-11-2023,16-11-2023,101,1262,1480.257114,221,129,Delayed,22043.96847,96.06
ORD1086,PRD290,Electronics,Alpha Distributors,Chennai,11-05-2023,15-05-2023,56,1894,2515.617666,269,68,On-Time,34810.58928,98.82
ORD1087,PRD844,Apparel,UniSource,Bangalore,16-12-2023,30-12-2023,99,313,423.7513026,398,128,Delayed,10964.37896,91.78
ORD1088,PRD998,Apparel,Alpha Distributors,Bangalore,27-01-2023,03-02-2023,164,1409,2108.089462,326,136,On-Time,114650.6717,97.58
ORD1089,PRD344,Furniture,PrimeWare,Mumbai,17-06-2023,26-06-2023,35,210,260.7822844,79,142,On-Time,1777.379953,99.99
ORD1090,PRD352,Furniture,Nova Traders,Bangalore,07-03-2023,19-03-2023,34,349,400.4498834,284,92,On-Time,1749.296036,83.94
ORD1091,PRD542,Electronics,Nova Traders,Chennai,19-02-2023,02-03-2023,74,1344,1723.107848,96,150,On-Time,28053.98072,82.36
ORD1092,PRD618,Electronics,Alpha Distributors,Chennai,01-06-2023,03-06-2023,99,550,775.3403271,277,118,On-Time,22308.69238,99.44
ORD1093,PRD258,Furniture,Alpha Distributors,Chennai,08-06-2023,18-06-2023,52,1104,1389.892899,433,105,On-Time,14866.43073,99.93
ORD1094,PRD208,Furniture,Global Supply Co.,Bangalore,20-09-2023,03-10-2023,85,610,797.000374,173,118,On-Time,15895.03179,81.34
ORD1095,PRD743,Electronics,PrimeWare,Chennai,28-04-2023,07-05-2023,75,1446,2131.710789,481,95,On-Time,51428.30914,74.79
ORD1096,PRD462,Apparel,Alpha Distributors,Bangalore,10-02-2023,25-02-2023,38,455,622.392853,93,70,Delayed,6360.928415,81.47
ORD1097,PRD515,Apparel,Alpha Distributors,Delhi,22-07-2023,05-08-2023,58,332,451.5294226,217,80,On-Time,6932.706511,77.68
ORD1098,PRD556,Furniture,Alpha Distributors,Mumbai,02-11-2023,16-11-2023,86,837,1125.561763,284,116,On-Time,24816.31166,94.46
ORD1099,PRD165,Apparel,UniSource,Chennai,13-10-2023,25-10-2023,136,348,493.3350208,441,117,On-Time,19765.56283,87.56
ORD1100,PRD464,Apparel,Nova Traders,Mumbai,03-10-2023,13-10-2023,96,332,434.5765377,47,150,On-Time,9847.34762,80.78
ORD1101,PRD296,Furniture,Alpha Distributors,Bangalore,17-02-2023,25-02-2023,85,640,871.4432267,65,61,Delayed,19672.67427,72.29
ORD1102,PRD172,Furniture,UniSource,Delhi,22-07-2023,02-08-2023,17,1100,1595.457782,148,141,On-Time,8422.782287,94.06
ORD1103,PRD662,Furniture,PrimeWare,Bangalore,02-02-2023,15-02-2023,80,1479,1732.927282,449,62,On-Time,20314.18259,93.42
ORD1104,PRD254,Apparel,Global Supply Co.,Bangalore,08-12-2023,15-12-2023,17,1396,1740.786125,135,149,On-Time,5861.36413,83.88
ORD1105,PRD912,Furniture,UniSource,Chennai,22-07-2023,02-08-2023,23,750,871.22782,366,149,On-Time,2788.23986,79.87
ORD1106,PRD311,Furniture,UniSource,Chennai,12-09-2023,16-09-2023,136,1574,2122.299094,278,92,On-Time,74568.67675,86.37
ORD1107,PRD685,Furniture,Global Supply Co.,Bangalore,14-10-2023,26-10-2023,8,342,450.5467285,135,66,On-Time,868.3738282,88.26
ORD1108,PRD116,Electronics,Alpha Distributors,Chennai,05-07-2023,20-07-2023,181,1313,1948.773628,301,69,On-Time,115075.0267,74.49
ORD1109,PRD268,Apparel,PrimeWare,Bangalore,04-10-2023,17-10-2023,27,1399,1787.278822,496,93,Delayed,10483.5282,97.3
ORD1110,PRD434,Furniture,Alpha Distributors,Bangalore,11-08-2023,21-08-2023,63,956,1242.504184,161,144,On-Time,18049.76359,74.04
ORD1111,PRD524,Apparel,Alpha Distributors,Chennai,16-12-2023,30-12-2023,61,1072,1192.922899,178,89,Delayed,7376.296857,89.76
ORD1112,PRD534,Furniture,Global Supply Co.,Bangalore,25-06-2023,29-06-2023,130,421,606.295708,412,85,On-Time,24088.44205,80.41
ORD1113,PRD363,Apparel,PrimeWare,Chennai,03-01-2023,14-01-2023,146,978,1303.963181,374,133,On-Time,47590.62442,97.66
ORD1114,PRD113,Apparel,Nova Traders,Mumbai,25-12-2023,31-12-2023,45,607,762.3147975,332,71,On-Time,6989.165887,86.12
ORD1115,PRD313,Furniture,Alpha Distributors,Delhi,11-11-2023,16-11-2023,102,665,818.0723771,245,118,On-Time,15613.38246,72.29
ORD1116,PRD124,Electronics,UniSource,Bangalore,19-04-2023,01-05-2023,17,733,872.9688186,276,144,On-Time,2379.469917,81.9
ORD1117,PRD469,Electronics,PrimeWare,Mumbai,10-03-2023,15-03-2023,135,399,519.1290312,490,132,On-Time,16217.41921,95.99
ORD1118,PRD517,Electronics,Global Supply Co.,Chennai,23-04-2023,26-04-2023,200,1659,2253.879636,369,127,On-Time,118975.9272,84.95
ORD1119,PRD543,Apparel,UniSource,Chennai,16-01-2023,22-01-2023,134,898,998.2725273,230,88,On-Time,13436.51866,97.15
ORD1120,PRD147,Furniture,Alpha Distributors,Chennai,02-04-2023,05-04-2023,22,1797,2138.82339,464,149,On-Time,7520.114581,86.85
ORD1121,PRD930,Furniture,Global Supply Co.,Chennai,19-12-2023,02-01-2024,58,1030,1181.935369,216,69,Delayed,8812.251418,72.58
ORD1122,PRD213,Furniture,UniSource,Bangalore,06-11-2023,09-11-2023,26,1359,2031.824482,260,137,Delayed,17493.43653,96.17
ORD1123,PRD635,Apparel,Nova Traders,Bangalore,19-05-2023,24-05-2023,180,922,1158.705269,201,133,On-Time,42606.94836,93.4
ORD1124,PRD277,Furniture,Alpha Distributors,Bangalore,08-05-2023,11-05-2023,183,1975,2425.853533,88,54,Delayed,82506.19655,96.87
ORD1125,PRD952,Electronics,Global Supply Co.,Delhi,24-06-2023,27-06-2023,84,1018,1202.917066,227,58,Delayed,15533.03352,74.86
ORD1126,PRD880,Electronics,Alpha Distributors,Bangalore,14-07-2023,18-07-2023,143,1060,1434.400841,235,105,On-Time,53539.32026,99.49
ORD1127,PRD497,Furniture,Global Supply Co.,Bangalore,21-09-2023,28-09-2023,74,1905,2832.249967,313,139,On-Time,68616.49758,97.96
ORD1128,PRD116,Furniture,Global Supply Co.,Delhi,25-09-2023,02-10-2023,158,566,633.3386751,293,108,On-Time,10639.51066,92.62
ORD1129,PRD111,Apparel,Alpha Distributors,Delhi,10-02-2023,15-02-2023,107,863,1145.089813,150,89,On-Time,30183.61001,96.03
ORD1130,PRD197,Furniture,Global Supply Co.,Bangalore,08-04-2023,23-04-2023,112,544,732.2750046,277,91,On-Time,21086.80051,80.36
ORD1131,PRD949,Apparel,Alpha Distributors,Bangalore,09-11-2023,16-11-2023,15,401,457.1480142,437,82,On-Time,842.2202133,89.64
ORD1132,PRD492,Furniture,Nova Traders,Bangalore,25-01-2023,03-02-2023,176,348,519.7221707,490,104,On-Time,30223.10204,87.59
ORD1133,PRD815,Electronics,PrimeWare,Mumbai,06-12-2023,12-12-2023,46,681,752.3593198,119,136,On-Time,3282.528709,91.78
ORD1134,PRD296,Electronics,PrimeWare,Chennai,10-06-2023,19-06-2023,82,421,471.2295737,464,112,On-Time,4118.825045,92.61
ORD1135,PRD304,Apparel,UniSource,Mumbai,02-08-2023,13-08-2023,54,1547,2209.358094,264,79,Delayed,35767.33708,96.76
ORD1136,PRD338,Furniture,UniSource,Mumbai,07-06-2023,14-06-2023,106,1700,2118.075292,238,133,On-Time,44315.98092,76.24
ORD1137,PRD611,Electronics,Alpha Distributors,Bangalore,05-08-2023,15-08-2023,149,1966,2909.310782,100,99,On-Time,140553.3066,82.27
ORD1138,PRD232,Apparel,PrimeWare,Bangalore,21-02-2023,06-03-2023,62,1486,1997.897959,98,73,Delayed,31737.67345,84.6
ORD1139,PRD117,Furniture,UniSource,Bangalore,26-05-2023,28-05-2023,158,1027,1403.410224,479,137,On-Time,59472.81539,78.86
ORD1140,PRD219,Electronics,PrimeWare,Delhi,22-08-2023,04-09-2023,133,1452,2023.807825,186,123,On-Time,76050.44072,93.05
ORD1141,PRD343,Apparel,Nova Traders,Chennai,07-06-2023,21-06-2023,134,1753,2376.746664,151,127,On-Time,83582.05297,95.85
ORD1142,PRD132,Furniture,UniSource,Delhi,17-04-2023,01-05-2023,163,1897,2752.727731,355,121,Delayed,139483.6202,82.53
ORD1143,PRD749,Furniture,Global Supply Co.,Mumbai,07-11-2023,22-11-2023,88,1337,1601.808751,332,100,On-Time,23303.17007,86.64
ORD1144,PRD234,Electronics,Alpha Distributors,Delhi,26-07-2023,05-08-2023,32,817,1122.035146,354,85,Delayed,9761.124686,70.32
ORD1145,PRD614,Apparel,UniSource,Delhi,18-05-2023,22-05-2023,65,363,501.1957095,282,107,On-Time,8982.721118,98.26
ORD1146,PRD563,Electronics,PrimeWare,Bangalore,06-10-2023,09-10-2023,130,438,571.1002331,17,111,On-Time,17303.0303,70.92
ORD1147,PRD622,Apparel,Nova Traders,Chennai,17-03-2023,25-03-2023,180,962,1373.931781,56,59,On-Time,74147.72056,76.79
ORD1148,PRD486,Furniture,Nova Traders,Mumbai,26-08-2023,29-08-2023,31,729,976.0796371,473,81,On-Time,7659.468751,88.32
ORD1149,PRD191,Apparel,Global Supply Co.,Mumbai,06-01-2023,17-01-2023,175,644,803.1157659,107,61,On-Time,27845.25903,80.64
ORD1150,PRD111,Furniture,Alpha Distributors,Chennai,13-03-2023,25-03-2023,113,1111,1301.968946,170,58,Delayed,21579.49093,85.87
ORD1151,PRD181,Furniture,Global Supply Co.,Chennai,06-10-2023,12-10-2023,30,1880,2728.879484,287,101,On-Time,25466.38453,80.59
ORD1152,PRD599,Apparel,Nova Traders,Chennai,03-08-2023,13-08-2023,195,1429,1912.001981,483,67,On-Time,94185.38627,99.78
ORD1153,PRD599,Furniture,Global Supply Co.,Mumbai,25-11-2023,06-12-2023,15,1312,1840.044666,341,133,On-Time,7920.669991,90.24
ORD1154,PRD819,Apparel,UniSource,Chennai,17-03-2023,24-03-2023,124,942,1214.99238,315,101,On-Time,33851.05513,98.56
ORD1155,PRD597,Furniture,Alpha Distributors,Delhi,19-03-2023,03-04-2023,55,987,1374.974484,284,115,Delayed,21338.59661,88.49
ORD1156,PRD560,Apparel,Global Supply Co.,Chennai,21-02-2023,03-03-2023,98,1213,1518.214742,53,111,Delayed,29911.04473,91.06
ORD1157,PRD530,Electronics,Nova Traders,Mumbai,16-05-2023,26-05-2023,41,1789,2538.461318,382,51,On-Time,30727.91405,92.7
ORD1158,PRD821,Furniture,Alpha Distributors,Bangalore,03-08-2023,09-08-2023,48,807,902.5186149,249,68,On-Time,4584.893515,86.31
ORD1159,PRD877,Furniture,UniSource,Chennai,06-05-2023,15-05-2023,109,1620,2407.811974,67,108,On-Time,85871.5052,99.16
ORD1160,PRD643,Furniture,Global Supply Co.,Delhi,04-03-2023,13-03-2023,169,1681,2082.527269,152,97,On-Time,67858.10842,84.4
ORD1161,PRD729,Furniture,Nova Traders,Chennai,22-11-2023,04-12-2023,104,876,1064.146931,424,136,On-Time,19567.2808,98.55
ORD1162,PRD695,Electronics,UniSource,Delhi,20-10-2023,29-10-2023,176,1908,2539.855704,200,102,On-Time,111206.604,84.82
ORD1163,PRD157,Apparel,PrimeWare,Chennai,24-07-2023,29-07-2023,134,1563,1963.529192,224,144,On-Time,53670.91178,78.42
ORD1164,PRD619,Electronics,UniSource,Bangalore,27-11-2023,30-11-2023,166,927,1079.247789,184,120,On-Time,25273.13292,94.35
ORD1165,PRD778,Furniture,Nova Traders,Mumbai,16-06-2023,18-06-2023,153,972,1194.991128,153,74,Delayed,34117.64265,75.28
ORD1166,PRD409,Furniture,UniSource,Chennai,24-01-2023,29-01-2023,118,483,632.4295779,231,59,Delayed,17632.69019,93.28
ORD1167,PRD890,Apparel,Global Supply Co.,Delhi,07-05-2023,16-05-2023,84,698,1011.410068,34,57,On-Time,26326.44571,85.33
ORD1168,PRD295,Electronics,UniSource,Mumbai,25-04-2023,04-05-2023,72,838,1125.525556,382,66,On-Time,20701.84006,96.43
ORD1169,PRD398,Electronics,Global Supply Co.,Delhi,26-05-2023,01-06-2023,79,608,794.8958039,483,69,On-Time,14764.76851,85.15
ORD1170,PRD708,Electronics,Nova Traders,Mumbai,22-04-2023,27-04-2023,35,1094,1620.582128,316,121,On-Time,18430.37448,73
ORD1171,PRD463,Furniture,PrimeWare,Mumbai,01-03-2023,04-03-2023,52,1088,1467.535226,425,130,On-Time,19735.83178,80.81
ORD1172,PRD230,Electronics,UniSource,Delhi,10-03-2023,18-03-2023,82,1286,1582.251427,386,144,On-Time,24292.61702,87.12
ORD1173,PRD593,Apparel,Global Supply Co.,Delhi,22-06-2023,01-07-2023,180,500,705.2299928,182,78,On-Time,36941.39871,88.22
ORD1174,PRD625,Apparel,Nova Traders,Chennai,14-03-2023,27-03-2023,157,1527,1897.31502,404,108,On-Time,58139.4581,70.33
ORD1175,PRD543,Electronics,Nova Traders,Delhi,18-01-2023,21-01-2023,36,897,1195.537945,326,79,On-Time,10747.36601,82.84
ORD1176,PRD736,Furniture,Alpha Distributors,Chennai,03-10-2023,18-10-2023,7,894,1305.459798,418,103,On-Time,2880.218588,97.44
ORD1177,PRD639,Furniture,Nova Traders,Delhi,08-11-2023,10-11-2023,79,739,1060.145284,384,142,On-Time,25370.47744,91.81
ORD1178,PRD287,Furniture,Global Supply Co.,Mumbai,15-11-2023,18-11-2023,97,227,322.9312256,407,142,On-Time,9305.328882,91.22
ORD1179,PRD735,Furniture,Alpha Distributors,Mumbai,07-11-2023,18-11-2023,191,621,830.5497496,238,142,On-Time,40024.00216,95.74
ORD1180,PRD520,Electronics,Alpha Distributors,Bangalore,25-07-2023,02-08-2023,95,1704,2423.596978,425,75,On-Time,68361.71292,80.78
ORD1181,PRD486,Apparel,Alpha Distributors,Delhi,15-02-2023,20-02-2023,68,563,828.085591,359,54,On-Time,18025.82019,87.81
ORD1182,PRD926,Electronics,UniSource,Bangalore,28-03-2023,03-04-2023,60,1671,2487.443253,309,145,On-Time,48986.59515,78.84
ORD1183,PRD459,Apparel,Nova Traders,Delhi,18-03-2023,26-03-2023,70,429,527.202006,249,118,On-Time,6874.140421,71.26
ORD1184,PRD346,Apparel,Nova Traders,Bangalore,09-03-2023,22-03-2023,43,449,573.7319286,173,72,On-Time,5363.47293,85.59
ORD1185,PRD975,Electronics,Alpha Distributors,Bangalore,11-06-2023,16-06-2023,60,212,250.1739274,395,61,On-Time,2290.435645,75.24
ORD1186,PRD329,Apparel,PrimeWare,Delhi,27-12-2023,29-12-2023,146,290,332.7528956,239,75,On-Time,6241.922752,78.32
ORD1187,PRD803,Electronics,Nova Traders,Mumbai,01-10-2023,12-10-2023,54,579,797.5795321,297,81,On-Time,11803.29474,87.85
ORD1188,PRD659,Apparel,UniSource,Chennai,23-08-2023,07-09-2023,138,1638,2064.602824,361,118,On-Time,58871.1897,89.09
ORD1189,PRD322,Furniture,Global Supply Co.,Delhi,23-08-2023,28-08-2023,82,951,1173.797071,355,60,On-Time,18269.35978,91.02
ORD1190,PRD599,Apparel,Nova Traders,Delhi,22-08-2023,04-09-2023,151,538,641.2508506,383,141,On-Time,15590.87844,80.23
ORD1191,PRD632,Electronics,Nova Traders,Delhi,25-02-2023,04-03-2023,8,1085,1348.616757,498,82,Delayed,2108.93406,71.02
ORD1192,PRD211,Furniture,Global Supply Co.,Bangalore,25-04-2023,10-05-2023,199,572,824.755828,101,149,On-Time,50298.40977,94.02
ORD1193,PRD407,Electronics,Alpha Distributors,Mumbai,17-08-2023,29-08-2023,114,1766,2038.335049,274,51,On-Time,31046.19556,74.86
ORD1194,PRD782,Apparel,Nova Traders,Bangalore,26-05-2023,02-06-2023,193,536,700.3789418,40,98,On-Time,31725.13576,77.43
ORD1195,PRD835,Apparel,PrimeWare,Mumbai,05-06-2023,11-06-2023,172,991,1150.72369,468,127,On-Time,27472.47474,91.58
ORD1196,PRD405,Apparel,Alpha Distributors,Delhi,15-08-2023,23-08-2023,107,902,1014.86465,460,105,On-Time,12076.51757,92.46
ORD1197,PRD733,Electronics,Nova Traders,Chennai,13-05-2023,27-05-2023,71,1858,2278.228895,450,127,Delayed,29836.25155,86.58
ORD1198,PRD680,Apparel,Alpha Distributors,Chennai,12-10-2023,16-10-2023,55,516,706.7724581,122,144,On-Time,10492.48519,93.95
ORD1199,PRD360,Electronics,Nova Traders,Mumbai,11-09-2023,14-09-2023,15,1164,1706.948001,63,87,On-Time,8144.220015,76.91
ORD1200,PRD862,Electronics,PrimeWare,Bangalore,27-06-2023,03-07-2023,8,261,288.5535388,157,55,On-Time,220.4283106,86.16
ORD1201,PRD830,Apparel,Alpha Distributors,Chennai,07-01-2023,18-01-2023,62,1840,2466.339711,92,102,On-Time,38833.06207,84.99
ORD1202,PRD939,Furniture,PrimeWare,Bangalore,01-07-2023,03-07-2023,54,250,350.6258763,432,72,On-Time,5433.797318,96.63
ORD1203,PRD169,Electronics,UniSource,Delhi,21-05-2023,28-05-2023,151,293,367.9365786,92,139,On-Time,11315.42337,93.66
ORD1204,PRD434,Electronics,Global Supply Co.,Mumbai,05-11-2023,12-11-2023,91,1486,2104.906133,371,60,On-Time,56320.45814,99.63
ORD1205,PRD469,Apparel,Alpha Distributors,Delhi,05-09-2023,20-09-2023,159,812,1187.406632,306,129,On-Time,59689.65441,99.06
ORD1206,PRD666,Electronics,PrimeWare,Chennai,23-11-2023,08-12-2023,53,372,496.7731396,326,119,On-Time,6612.976399,93.97
ORD1207,PRD715,Electronics,Alpha Distributors,Mumbai,17-01-2023,26-01-2023,9,1941,2779.52328,118,99,Delayed,7546.709517,91.63
ORD1208,PRD274,Furniture,Global Supply Co.,Chennai,24-11-2023,03-12-2023,153,1977,2437.250204,103,122,Delayed,70418.28119,96.98
ORD1209,PRD705,Furniture,Alpha Distributors,Delhi,17-06-2023,01-07-2023,176,1489,2128.471697,293,137,On-Time,112547.0187,98.44
ORD1210,PRD730,Electronics,PrimeWare,Mumbai,26-07-2023,29-07-2023,171,1088,1594.452666,149,74,On-Time,86603.40596,70.08
ORD1211,PRD497,Furniture,UniSource,Mumbai,27-03-2023,09-04-2023,144,1494,2035.578436,282,53,On-Time,77987.29474,87.42
ORD1212,PRD402,Electronics,Nova Traders,Mumbai,09-09-2023,20-09-2023,122,1786,2194.172202,284,110,On-Time,49797.0086,73.34
ORD1213,PRD404,Electronics,UniSource,Mumbai,22-05-2023,26-05-2023,70,1543,2305.63285,474,125,On-Time,53384.29947,84.09
ORD1214,PRD130,Electronics,Nova Traders,Mumbai,02-05-2023,12-05-2023,176,378,467.2778637,457,100,Delayed,15712.90401,85.61
ORD1215,PRD972,Electronics,Global Supply Co.,Chennai,06-11-2023,11-11-2023,108,1583,1844.822122,342,125,Delayed,28276.78919,88.51
ORD1216,PRD932,Furniture,PrimeWare,Mumbai,17-02-2023,01-03-2023,89,892,1161.272359,187,92,On-Time,23965.23998,92.91
ORD1217,PRD130,Electronics,Nova Traders,Chennai,13-11-2023,24-11-2023,198,1580,1879.181594,367,108,On-Time,59237.95566,74.68
ORD1218,PRD741,Electronics,Global Supply Co.,Bangalore,04-10-2023,19-10-2023,65,1896,2282.264127,112,146,On-Time,25107.16825,72.33
ORD1219,PRD604,Electronics,UniSource,Bangalore,02-12-2023,04-12-2023,55,404,568.5252811,113,68,On-Time,9048.890462,79.15
ORD1220,PRD141,Electronics,UniSource,Delhi,26-06-2023,10-07-2023,86,1633,2071.109238,373,57,On-Time,37677.39444,75.79
ORD1221,PRD801,Apparel,Global Supply Co.,Bangalore,09-03-2023,23-03-2023,42,1982,2460.221077,463,136,Delayed,20085.28522,92.75
ORD1222,PRD683,Furniture,Global Supply Co.,Mumbai,20-12-2023,28-12-2023,21,254,354.2602299,63,71,Delayed,2105.464828,94.03
ORD1223,PRD719,Apparel,Alpha Distributors,Bangalore,14-08-2023,24-08-2023,155,1391,2037.194671,136,137,Delayed,100160.1739,96.21
ORD1224,PRD474,Furniture,UniSource,Mumbai,25-03-2023,05-04-2023,111,1247,1835.125947,78,79,On-Time,65281.98015,96.12
ORD1225,PRD477,Electronics,Global Supply Co.,Mumbai,08-02-2023,23-02-2023,167,1548,1960.275527,102,133,On-Time,68850.013,74.19
ORD1226,PRD347,Furniture,Global Supply Co.,Delhi,07-01-2023,15-01-2023,34,1555,2242.605846,476,74,On-Time,23378.59877,75.85
ORD1227,PRD227,Apparel,UniSource,Mumbai,08-08-2023,15-08-2023,68,393,555.7072165,407,70,On-Time,11064.09072,87.7
ORD1228,PRD282,Apparel,UniSource,Bangalore,12-07-2023,24-07-2023,195,1010,1284.027604,103,88,On-Time,53435.38282,76.2
ORD1229,PRD912,Electronics,UniSource,Bangalore,01-10-2023,16-10-2023,38,1312,1807.026194,111,93,On-Time,18810.99539,76.09
ORD1230,PRD234,Electronics,Nova Traders,Bangalore,20-05-2023,24-05-2023,108,1784,2198.722117,167,52,On-Time,44789.98869,77.55
ORD1231,PRD772,Electronics,Alpha Distributors,Chennai,24-05-2023,30-05-2023,52,1468,1939.28784,442,105,Delayed,24506.96769,72.56
ORD1232,PRD447,Electronics,PrimeWare,Chennai,10-01-2023,16-01-2023,66,1633,1824.211765,33,64,On-Time,12619.9765,78.93
ORD1233,PRD131,Electronics,PrimeWare,Delhi,06-05-2023,17-05-2023,25,1395,1982.588229,267,75,Delayed,14689.70573,79.15
ORD1234,PRD946,Apparel,PrimeWare,Chennai,07-03-2023,09-03-2023,32,387,485.3465453,245,93,Delayed,3147.089451,83.63
ORD1235,PRD735,Apparel,PrimeWare,Chennai,01-08-2023,11-08-2023,8,1550,1964.6464,350,52,Delayed,3317.171202,92.53
ORD1236,PRD780,Electronics,Alpha Distributors,Delhi,24-05-2023,06-06-2023,160,668,835.4545482,90,127,On-Time,26792.72772,87
ORD1237,PRD214,Furniture,Global Supply Co.,Mumbai,02-10-2023,08-10-2023,87,1547,1929.922005,144,103,On-Time,33314.21444,82.48
ORD1238,PRD680,Electronics,Nova Traders,Bangalore,28-07-2023,04-08-2023,159,1706,2212.71038,50,115,Delayed,80566.95044,82.15
ORD1239,PRD971,Electronics,Nova Traders,Bangalore,04-12-2023,06-12-2023,27,616,810.0723309,303,129,On-Time,5239.952935,88.37
ORD1240,PRD982,Electronics,Alpha Distributors,Bangalore,05-02-2023,16-02-2023,62,1583,2326.536292,434,83,On-Time,46099.25009,89.32
ORD1241,PRD847,Apparel,PrimeWare,Chennai,24-07-2023,26-07-2023,63,352,498.6080897,433,64,On-Time,9236.309651,94.99
ORD1242,PRD932,Apparel,PrimeWare,Chennai,26-04-2023,11-05-2023,8,698,1000.149533,449,87,Delayed,2417.196264,85.54
ORD1243,PRD705,Furniture,PrimeWare,Chennai,23-02-2023,06-03-2023,146,201,265.0434947,28,133,On-Time,9350.350224,76.64
ORD1244,PRD267,Furniture,Alpha Distributors,Bangalore,03-05-2023,09-05-2023,96,1629,2372.834317,191,62,On-Time,71408.09443,94.5
ORD1245,PRD595,Electronics,UniSource,Delhi,23-11-2023,07-12-2023,198,1729,2376.625391,455,54,Delayed,128229.8275,98.92
ORD1246,PRD493,Electronics,UniSource,Bangalore,06-01-2023,10-01-2023,48,1762,2017.780653,272,65,On-Time,12277.47136,91.05
ORD1247,PRD258,Apparel,Nova Traders,Bangalore,28-10-2023,10-11-2023,177,610,863.5571768,129,66,On-Time,44879.62029,90.1
ORD1248,PRD586,Apparel,Alpha Distributors,Bangalore,24-06-2023,03-07-2023,57,1406,2029.553158,192,80,On-Time,35542.53003,75.23
ORD1249,PRD243,Furniture,Nova Traders,Mumbai,24-05-2023,29-05-2023,32,1215,1609.372142,24,79,On-Time,12619.90855,81.42
ORD1250,PRD884,Apparel,Global Supply Co.,Chennai,25-02-2023,12-03-2023,180,647,846.4282456,465,106,Delayed,35897.0842,77.5
ORD1251,PRD385,Furniture,Alpha Distributors,Mumbai,16-05-2023,22-05-2023,70,1587,1886.809018,121,139,Delayed,20986.63127,78.37
ORD1252,PRD540,Apparel,PrimeWare,Bangalore,03-03-2023,05-03-2023,143,1480,2000.124691,93,82,On-Time,74377.83077,71.43
ORD1253,PRD321,Electronics,Global Supply Co.,Mumbai,24-03-2023,31-03-2023,190,1744,2113.412838,70,96,On-Time,70188.4393,91.36
ORD1254,PRD356,Electronics,Alpha Distributors,Bangalore,25-10-2023,03-11-2023,59,1290,1453.045036,5,124,On-Time,9619.657123,83.46
ORD1255,PRD375,Electronics,Alpha Distributors,Delhi,14-04-2023,27-04-2023,188,285,336.6900169,437,53,On-Time,9717.723178,73.97
ORD1256,PRD198,Apparel,UniSource,Mumbai,17-10-2023,20-10-2023,109,1630,2397.364166,342,146,On-Time,83642.69414,95.14
ORD1257,PRD942,Apparel,Nova Traders,Delhi,01-02-2023,10-02-2023,81,825,1048.138051,295,130,Delayed,18074.18213,90.41
ORD1258,PRD766,Apparel,UniSource,Bangalore,18-11-2023,27-11-2023,190,1851,2099.827977,190,107,On-Time,47277.31557,99.11
ORD1259,PRD711,Electronics,UniSource,Delhi,24-06-2023,28-06-2023,192,1373,2038.680949,246,136,On-Time,127810.7421,71.43
ORD1260,PRD477,Electronics,UniSource,Bangalore,22-01-2023,01-02-2023,27,694,819.2332551,321,90,On-Time,3381.297888,89.1
ORD1261,PRD267,Furniture,Nova Traders,Chennai,17-10-2023,25-10-2023,30,1121,1414.791996,219,139,Delayed,8813.759893,89.73
ORD1262,PRD796,Apparel,PrimeWare,Bangalore,09-08-2023,23-08-2023,125,262,391.8385346,422,135,On-Time,16229.81682,89.46
ORD1263,PRD573,Apparel,PrimeWare,Bangalore,05-01-2023,07-01-2023,60,1495,1790.297279,130,150,On-Time,17717.83673,71.82
ORD1264,PRD471,Electronics,PrimeWare,Bangalore,18-05-2023,30-05-2023,93,1575,2053.939426,36,125,On-Time,44541.36663,77.61
ORD1265,PRD373,Apparel,Global Supply Co.,Delhi,04-01-2023,13-01-2023,77,1293,1763.074981,182,83,On-Time,36195.77356,70.15
ORD1266,PRD730,Apparel,Global Supply Co.,Chennai,01-02-2023,12-02-2023,22,1071,1541.464239,205,123,On-Time,10350.21326,79.24
ORD1267,PRD579,Furniture,Nova Traders,Delhi,16-04-2023,22-04-2023,77,1097,1492.229672,352,58,On-Time,30432.68472,81.18
ORD1268,PRD634,Electronics,Alpha Distributors,Chennai,03-12-2023,12-12-2023,6,960,1287.237209,391,127,On-Time,1963.423253,70.07
ORD1269,PRD747,Electronics,Global Supply Co.,Bangalore,17-03-2023,26-03-2023,167,1591,2384.064811,320,56,On-Time,132441.8234,90.4
ORD1270,PRD698,Apparel,Global Supply Co.,Bangalore,24-04-2023,08-05-2023,140,1467,2030.609477,377,63,On-Time,78905.32674,73.86
ORD1271,PRD488,Apparel,PrimeWare,Delhi,04-09-2023,16-09-2023,43,1977,2733.756826,366,94,On-Time,32540.54353,81.14
ORD1272,PRD950,Electronics,Global Supply Co.,Delhi,26-06-2023,03-07-2023,117,1902,2217.911594,153,51,Delayed,36961.65645,86.98
ORD1273,PRD559,Apparel,Alpha Distributors,Delhi,04-12-2023,08-12-2023,79,493,730.887065,95,149,On-Time,18793.07813,86.47
ORD1274,PRD238,Electronics,PrimeWare,Delhi,09-10-2023,20-10-2023,63,1783,2181.802436,332,94,On-Time,25124.55346,71.32
ORD1275,PRD749,Apparel,PrimeWare,Delhi,13-02-2023,28-02-2023,176,1922,2542.773441,414,112,On-Time,109256.1256,75.73
ORD1276,PRD527,Furniture,Nova Traders,Delhi,11-07-2023,21-07-2023,164,992,1344.316714,286,99,On-Time,57779.94114,70.44
ORD1277,PRD366,Apparel,PrimeWare,Delhi,27-09-2023,09-10-2023,78,1366,1786.210886,299,109,Delayed,32776.44908,91.6
ORD1278,PRD965,Electronics,Nova Traders,Chennai,26-10-2023,28-10-2023,31,1327,1595.0373,114,81,On-Time,8309.1563,77.34
ORD1279,PRD293,Electronics,PrimeWare,Bangalore,04-09-2023,13-09-2023,198,274,332.6145514,283,131,Delayed,11605.68117,95.9
ORD1280,PRD500,Furniture,Global Supply Co.,Bangalore,12-03-2023,23-03-2023,78,1938,2297.513033,124,75,On-Time,28042.01659,75.85
ORD1281,PRD151,Electronics,PrimeWare,Delhi,22-05-2023,06-06-2023,98,506,730.4587194,1,74,On-Time,21996.9545,97.74
ORD1282,PRD910,Electronics,UniSource,Bangalore,06-03-2023,20-03-2023,79,1451,2143.946339,49,104,On-Time,54742.76077,83.52
ORD1283,PRD944,Furniture,Nova Traders,Chennai,12-04-2023,17-04-2023,121,936,1131.49414,428,90,On-Time,23654.79092,90.67
ORD1284,PRD220,Electronics,Alpha Distributors,Bangalore,23-01-2023,28-01-2023,98,601,875.8687859,323,143,Delayed,26937.14102,72.92
ORD1285,PRD562,Furniture,Nova Traders,Chennai,04-02-2023,08-02-2023,157,689,964.9128369,15,111,On-Time,43318.31539,74.29
ORD1286,PRD549,Apparel,Alpha Distributors,Delhi,07-09-2023,20-09-2023,34,1429,1652.488787,20,77,On-Time,7598.618752,87.77
ORD1287,PRD786,Furniture,UniSource,Delhi,25-06-2023,02-07-2023,143,1383,1843.186891,309,61,Delayed,65806.72538,95.53
ORD1288,PRD913,Electronics,UniSource,Delhi,10-08-2023,25-08-2023,93,1149,1716.971899,299,70,On-Time,52821.38659,93.58
ORD1289,PRD567,Electronics,PrimeWare,Mumbai,12-01-2023,20-01-2023,122,769,1051.373179,218,132,Delayed,34449.5278,78.69
ORD1290,PRD831,Furniture,Global Supply Co.,Mumbai,24-03-2023,02-04-2023,165,580,644.0049472,419,84,On-Time,10560.81629,75.74
ORD1291,PRD337,Furniture,UniSource,Chennai,16-12-2023,20-12-2023,189,282,407.3501821,124,105,On-Time,23691.18441,87.48
ORD1292,PRD731,Furniture,Alpha Distributors,Bangalore,08-12-2023,22-12-2023,13,1761,2199.006865,218,95,On-Time,5694.089241,79.43
ORD1293,PRD167,Electronics,Nova Traders,Bangalore,23-08-2023,02-09-2023,103,535,788.1071247,237,90,On-Time,26070.03385,72.69
ORD1294,PRD714,Apparel,PrimeWare,Delhi,22-08-2023,01-09-2023,123,375,477.5465227,500,96,Delayed,12613.2223,87.41
ORD1295,PRD670,Electronics,UniSource,Bangalore,19-01-2023,28-01-2023,107,1673,2204.805569,447,115,On-Time,56903.19583,85.63
ORD1296,PRD639,Electronics,Nova Traders,Bangalore,17-05-2023,01-06-2023,173,442,570.509976,377,125,On-Time,22232.22585,93.88
ORD1297,PRD918,Furniture,Alpha Distributors,Chennai,04-01-2023,19-01-2023,49,422,474.1336212,168,79,On-Time,2554.547438,96.7
ORD1298,PRD518,Furniture,Alpha Distributors,Bangalore,14-05-2023,23-05-2023,5,709,968.0627145,202,120,On-Time,1295.313573,95.64
ORD1299,PRD261,Apparel,Global Supply Co.,Delhi,06-12-2023,17-12-2023,9,647,861.2711995,187,117,On-Time,1928.440795,73.12
ORD1300,PRD168,Apparel,PrimeWare,Bangalore,24-09-2023,07-10-2023,150,781,956.2403806,46,72,On-Time,26286.05709,99.65
ORD1301,PRD227,Furniture,UniSource,Mumbai,09-09-2023,18-09-2023,23,968,1422.624249,83,95,On-Time,10456.35772,70.98
ORD1302,PRD235,Furniture,Global Supply Co.,Chennai,09-07-2023,16-07-2023,102,1247,1597.940316,43,85,On-Time,35795.91219,99.32
ORD1303,PRD522,Furniture,PrimeWare,Mumbai,20-10-2023,02-11-2023,90,1024,1207.876943,171,101,On-Time,16548.92488,93.48
ORD1304,PRD300,Electronics,Global Supply Co.,Chennai,04-07-2023,07-07-2023,155,509,744.690085,205,134,On-Time,36531.96317,78.1
ORD1305,PRD290,Furniture,PrimeWare,Delhi,26-05-2023,05-06-2023,51,943,1099.891925,414,66,On-Time,8001.48815,83.71
ORD1306,PRD919,Apparel,Nova Traders,Delhi,03-10-2023,11-10-2023,44,1608,2134.433533,285,137,On-Time,23163.07545,96.9
ORD1307,PRD801,Furniture,Alpha Distributors,Chennai,15-05-2023,25-05-2023,174,1477,1786.299141,127,53,On-Time,53818.0505,94.54
ORD1308,PRD564,Electronics,UniSource,Mumbai,25-05-2023,31-05-2023,104,1160,1490.194711,296,131,On-Time,34340.24991,78.85
ORD1309,PRD314,Furniture,Nova Traders,Chennai,22-07-2023,06-08-2023,145,737,856.6284664,93,108,On-Time,17346.12763,78.22
ORD1310,PRD575,Electronics,Global Supply Co.,Bangalore,17-11-2023,30-11-2023,76,309,363.0154512,316,65,On-Time,4105.174292,71.44
ORD1311,PRD300,Electronics,Global Supply Co.,Delhi,03-08-2023,16-08-2023,12,1348,1843.947962,266,142,On-Time,5951.375545,70.04
ORD1312,PRD843,Apparel,Alpha Distributors,Bangalore,24-01-2023,04-02-2023,23,824,1168.466823,172,109,On-Time,7922.736924,71.87
ORD1313,PRD656,Apparel,Alpha Distributors,Bangalore,12-01-2023,26-01-2023,164,223,300.2682685,281,66,On-Time,12671.99603,86.85
ORD1314,PRD232,Electronics,Global Supply Co.,Delhi,17-10-2023,23-10-2023,175,291,383.8291712,282,91,On-Time,16245.10496,79.92
ORD1315,PRD668,Electronics,Alpha Distributors,Delhi,28-08-2023,01-09-2023,24,1113,1322.204779,426,126,On-Time,5020.914696,93.8
ORD1316,PRD369,Furniture,Global Supply Co.,Chennai,22-04-2023,25-04-2023,95,328,429.7333779,215,67,On-Time,9664.670904,74.32
ORD1317,PRD613,Electronics,PrimeWare,Mumbai,06-07-2023,18-07-2023,95,1655,2460.560923,264,122,On-Time,76528.28765,87.96
ORD1318,PRD625,Electronics,Global Supply Co.,Chennai,16-03-2023,22-03-2023,63,1973,2211.813436,364,85,Delayed,15045.24648,76.42
ORD1319,PRD723,Furniture,PrimeWare,Mumbai,28-08-2023,06-09-2023,152,1787,2247.341476,299,60,On-Time,69971.90439,97.98
ORD1320,PRD747,Furniture,Nova Traders,Bangalore,15-11-2023,22-11-2023,174,322,466.2143027,200,147,On-Time,25093.28866,92.27
ORD1321,PRD952,Furniture,Alpha Distributors,Delhi,05-08-2023,09-08-2023,180,319,458.0386032,146,79,Delayed,25026.94857,80.19
ORD1322,PRD481,Furniture,Alpha Distributors,Mumbai,24-02-2023,03-03-2023,184,521,643.3779378,432,111,On-Time,22517.54055,94.76
ORD1323,PRD506,Electronics,Alpha Distributors,Delhi,25-11-2023,01-12-2023,163,973,1265.970491,54,50,On-Time,47754.18999,82.61
ORD1324,PRD118,Apparel,Alpha Distributors,Mumbai,05-05-2023,15-05-2023,129,435,538.3223366,206,129,On-Time,13328.58142,77.01
ORD1325,PRD814,Apparel,Nova Traders,Delhi,06-07-2023,20-07-2023,60,1306,1631.176741,394,65,Delayed,19510.60444,83.82
ORD1326,PRD262,Electronics,Nova Traders,Mumbai,17-11-2023,26-11-2023,138,1721,2144.176721,235,84,On-Time,58398.38752,82.35
ORD1327,PRD750,Electronics,Nova Traders,Bangalore,08-04-2023,20-04-2023,131,327,447.474284,426,126,On-Time,15782.1312,74.68
ORD1328,PRD129,Furniture,Global Supply Co.,Delhi,12-04-2023,14-04-2023,105,1501,2077.820604,282,125,On-Time,60566.16341,93.07
ORD1329,PRD899,Furniture,Alpha Distributors,Bangalore,17-08-2023,24-08-2023,94,297,361.127064,463,103,On-Time,6027.944012,99.98
ORD1330,PRD145,Electronics,UniSource,Mumbai,03-04-2023,07-04-2023,47,1380,1993.414231,279,124,On-Time,28830.46884,86.88
ORD1331,PRD456,Furniture,UniSource,Chennai,20-10-2023,23-10-2023,157,405,539.189197,157,68,Delayed,21067.70392,74.46
ORD1332,PRD177,Apparel,UniSource,Mumbai,13-04-2023,28-04-2023,176,806,920.1458729,17,117,On-Time,20089.67363,99.29
ORD1333,PRD909,Apparel,Alpha Distributors,Delhi,20-01-2023,30-01-2023,119,879,983.2739539,284,113,On-Time,12408.60052,76.63
ORD1334,PRD440,Electronics,UniSource,Mumbai,10-08-2023,12-08-2023,164,1903,2259.362343,490,110,On-Time,58443.42417,91.14
ORD1335,PRD828,Electronics,UniSource,Chennai,21-04-2023,06-05-2023,178,715,938.3080236,113,129,Delayed,39748.8282,80.16
ORD1336,PRD952,Furniture,PrimeWare,Mumbai,14-12-2023,27-12-2023,170,301,350.5092424,482,129,On-Time,8416.571205,75.18
ORD1337,PRD483,Electronics,PrimeWare,Bangalore,19-03-2023,26-03-2023,130,1604,1858.858357,202,84,On-Time,33131.58642,91.34
ORD1338,PRD522,Apparel,Global Supply Co.,Chennai,08-01-2023,14-01-2023,70,1782,2615.531286,146,65,Delayed,58347.19002,89.28
ORD1339,PRD139,Furniture,PrimeWare,Delhi,26-11-2023,02-12-2023,29,1447,2068.743738,151,87,On-Time,18030.56841,89.68
ORD1340,PRD884,Furniture,PrimeWare,Delhi,07-09-2023,22-09-2023,101,1779,2463.560355,37,90,On-Time,69140.59588,93.87
ORD1341,PRD129,Apparel,Global Supply Co.,Chennai,13-07-2023,16-07-2023,86,666,771.3208122,247,149,On-Time,9057.589849,96.19
ORD1342,PRD156,Apparel,Alpha Distributors,Delhi,26-07-2023,09-08-2023,79,1730,2274.602901,435,119,On-Time,43023.62915,92.42
ORD1343,PRD212,Furniture,Nova Traders,Mumbai,22-02-2023,07-03-2023,63,859,1052.008221,472,63,Delayed,12159.51793,77.54
ORD1344,PRD923,Apparel,Alpha Distributors,Bangalore,26-03-2023,31-03-2023,40,1239,1645.826818,189,57,On-Time,16273.07274,91.46
ORD1345,PRD925,Furniture,PrimeWare,Delhi,17-10-2023,26-10-2023,104,1582,1794.926351,478,109,Delayed,22144.34047,72.51
ORD1346,PRD853,Furniture,PrimeWare,Chennai,17-07-2023,25-07-2023,194,1137,1450.877437,19,127,On-Time,60892.22286,99.41
ORD1347,PRD174,Apparel,Nova Traders,Chennai,28-06-2023,01-07-2023,192,747,858.2485769,474,50,On-Time,21359.72676,79.96
ORD1348,PRD232,Electronics,Nova Traders,Chennai,08-06-2023,16-06-2023,83,1215,1630.391725,343,128,On-Time,34477.51314,71.61
ORD1349,PRD871,Electronics,Global Supply Co.,Chennai,14-06-2023,27-06-2023,151,1498,2162.107504,111,137,On-Time,100280.2332,78.92
ORD1350,PRD149,Furniture,UniSource,Delhi,13-11-2023,16-11-2023,141,1515,2134.455536,115,54,On-Time,87343.23061,86.56
ORD1351,PRD384,Electronics,PrimeWare,Bangalore,20-11-2023,30-11-2023,101,506,654.2782817,321,82,On-Time,14976.10645,81.65
ORD1352,PRD149,Electronics,UniSource,Delhi,15-02-2023,02-03-2023,157,406,569.5351439,172,132,On-Time,25675.0176,97.2
ORD1353,PRD888,Electronics,Global Supply Co.,Bangalore,14-09-2023,17-09-2023,125,1985,2806.374957,60,87,Delayed,102671.8696,82.61
ORD1354,PRD998,Furniture,Nova Traders,Chennai,27-10-2023,11-11-2023,151,1218,1434.100497,189,60,Delayed,32631.17504,82.88
ORD1355,PRD913,Apparel,Alpha Distributors,Delhi,09-09-2023,11-09-2023,13,654,789.6540439,12,61,On-Time,1763.502571,83.87
ORD1356,PRD318,Apparel,Alpha Distributors,Mumbai,04-07-2023,08-07-2023,138,1565,2004.267077,232,127,On-Time,60618.85662,83.94
ORD1357,PRD740,Apparel,Global Supply Co.,Mumbai,22-05-2023,31-05-2023,185,1499,1974.18628,278,112,On-Time,87909.46186,82.87
ORD1358,PRD410,Apparel,Global Supply Co.,Bangalore,09-06-2023,24-06-2023,135,767,967.7010495,499,101,On-Time,27094.64168,76.85
ORD1359,PRD344,Apparel,UniSource,Bangalore,17-01-2023,01-02-2023,182,890,1076.892043,58,139,On-Time,34014.35191,72.34
ORD1360,PRD616,Apparel,Nova Traders,Bangalore,24-10-2023,28-10-2023,181,1063,1237.399691,348,104,On-Time,31566.34415,99.35
ORD1361,PRD155,Furniture,PrimeWare,Bangalore,28-07-2023,30-07-2023,107,805,1127.75598,300,88,On-Time,34534.88984,77.16
ORD1362,PRD309,Furniture,Global Supply Co.,Bangalore,22-06-2023,30-06-2023,53,264,395.7240029,262,98,On-Time,6981.372155,90.68
ORD1363,PRD331,Electronics,UniSource,Chennai,15-08-2023,28-08-2023,65,612,877.2364678,382,52,On-Time,17240.37041,89.09
ORD1364,PRD920,Apparel,Global Supply Co.,Mumbai,07-08-2023,13-08-2023,109,656,798.6788683,448,131,On-Time,15551.99664,89.17
ORD1365,PRD427,Furniture,Nova Traders,Bangalore,15-04-2023,30-04-2023,132,1437,1740.430751,232,126,On-Time,40052.85915,71.38
ORD1366,PRD320,Furniture,Alpha Distributors,Delhi,26-06-2023,04-07-2023,81,531,617.0103296,227,69,On-Time,6966.836694,89.01
ORD1367,PRD217,Apparel,Alpha Distributors,Mumbai,03-09-2023,10-09-2023,183,1225,1653.770353,3,68,Delayed,78464.97456,77.5
ORD1368,PRD776,Electronics,UniSource,Bangalore,08-09-2023,12-09-2023,86,455,589.4838465,164,138,On-Time,11565.6108,96.38
ORD1369,PRD228,Electronics,Alpha Distributors,Mumbai,27-01-2023,05-02-2023,199,1187,1371.991231,26,74,On-Time,36813.25492,71.79
ORD1370,PRD907,Apparel,PrimeWare,Mumbai,27-12-2023,29-12-2023,8,1208,1668.349031,2,109,On-Time,3682.792245,91.12
ORD1371,PRD782,Apparel,Global Supply Co.,Delhi,19-01-2023,25-01-2023,196,1599,1862.766203,208,83,On-Time,51698.17585,74.88
ORD1372,PRD896,Furniture,PrimeWare,Delhi,08-08-2023,13-08-2023,127,1620,2057.998874,301,98,On-Time,55625.85695,71.28
ORD1373,PRD142,Electronics,UniSource,Chennai,01-02-2023,09-02-2023,66,1999,2513.993551,171,73,On-Time,33989.57436,95.82
ORD1374,PRD783,Electronics,PrimeWare,Mumbai,21-10-2023,27-10-2023,98,1879,2532.208829,362,74,On-Time,64014.46522,99.62
ORD1375,PRD896,Furniture,Nova Traders,Bangalore,02-06-2023,10-06-2023,172,248,312.4915381,419,62,On-Time,11092.54456,84.91
ORD1376,PRD472,Electronics,PrimeWare,Mumbai,19-12-2023,02-01-2024,120,1932,2606.231019,9,85,On-Time,80907.72232,94.24
ORD1377,PRD605,Furniture,Nova Traders,Mumbai,14-12-2023,16-12-2023,73,1185,1368.829618,115,82,On-Time,13419.56208,79.16
ORD1378,PRD447,Electronics,Nova Traders,Chennai,08-11-2023,13-11-2023,31,281,330.0826786,199,79,On-Time,1521.563036,90.76
ORD1379,PRD373,Furniture,UniSource,Bangalore,12-08-2023,20-08-2023,190,1578,2240.693094,38,127,Delayed,125911.6878,95.3
ORD1380,PRD888,Furniture,Global Supply Co.,Bangalore,06-12-2023,13-12-2023,108,271,299.6659768,439,128,On-Time,3095.925498,96.2
ORD1381,PRD627,Furniture,UniSource,Mumbai,23-10-2023,29-10-2023,110,1323,1938.998812,47,50,On-Time,67759.86931,96.76
ORD1382,PRD429,Electronics,UniSource,Bangalore,19-09-2023,27-09-2023,70,1452,2158.945812,138,82,On-Time,49486.20687,75.62
ORD1383,PRD534,Furniture,UniSource,Chennai,08-04-2023,19-04-2023,106,1606,2184.659237,167,86,On-Time,61337.87917,78.74
ORD1384,PRD985,Furniture,Nova Traders,Bangalore,11-01-2023,16-01-2023,165,520,671.8325256,470,130,On-Time,25052.36673,90.52
ORD1385,PRD412,Apparel,Global Supply Co.,Delhi,10-03-2023,13-03-2023,116,1694,2465.030165,295,92,On-Time,89439.49919,84.16
ORD1386,PRD973,Furniture,Global Supply Co.,Chennai,22-03-2023,24-03-2023,56,1562,1792.709992,197,60,Delayed,12919.75955,97.34
ORD1387,PRD906,Apparel,UniSource,Chennai,03-03-2023,07-03-2023,37,1636,1824.924703,24,145,On-Time,6990.214005,75.85
ORD1388,PRD559,Electronics,Global Supply Co.,Mumbai,23-03-2023,27-03-2023,120,1253,1786.060068,213,52,Delayed,63967.20815,81.5
ORD1389,PRD865,Apparel,Global Supply Co.,Mumbai,27-05-2023,08-06-2023,134,1399,1719.990637,418,143,On-Time,43012.74532,73.89
ORD1390,PRD920,Furniture,Alpha Distributors,Mumbai,03-07-2023,18-07-2023,154,1621,2045.124743,53,71,On-Time,65315.21043,70.03
ORD1391,PRD705,Furniture,UniSource,Delhi,27-06-2023,10-07-2023,22,775,882.1453392,143,81,On-Time,2357.197463,99.34
ORD1392,PRD368,Electronics,Alpha Distributors,Mumbai,17-10-2023,20-10-2023,27,1551,1744.8833,438,124,On-Time,5234.849092,79.69
ORD1393,PRD822,Apparel,Nova Traders,Bangalore,08-01-2023,15-01-2023,63,1157,1489.665011,460,90,On-Time,20957.8957,88.91
ORD1394,PRD501,Apparel,UniSource,Bangalore,15-11-2023,23-11-2023,10,1645,1981.102239,258,132,On-Time,3361.022388,94.86
ORD1395,PRD879,Electronics,PrimeWare,Chennai,22-04-2023,29-04-2023,82,499,664.9200895,97,69,On-Time,13605.44734,91.41
ORD1396,PRD198,Apparel,Nova Traders,Chennai,09-04-2023,18-04-2023,68,593,759.759259,268,143,On-Time,11339.62961,88.24
ORD1397,PRD871,Furniture,Nova Traders,Delhi,23-06-2023,30-06-2023,130,1298,1806.14608,109,109,On-Time,66058.99042,97.51
ORD1398,PRD132,Furniture,Nova Traders,Bangalore,26-05-2023,07-06-2023,74,1054,1431.729483,424,84,On-Time,27951.98177,85.97
ORD1399,PRD872,Apparel,PrimeWare,Bangalore,08-10-2023,16-10-2023,181,346,464.4318355,164,95,On-Time,21436.16223,73.49
ORD1400,PRD940,Electronics,PrimeWare,Bangalore,14-12-2023,18-12-2023,145,787,1017.361486,439,134,Delayed,33402.41553,96.19
ORD1401,PRD405,Furniture,PrimeWare,Chennai,06-12-2023,21-12-2023,103,385,491.8674325,284,53,Delayed,11007.34555,83.32
ORD1402,PRD123,Furniture,Global Supply Co.,Bangalore,26-02-2023,13-03-2023,46,1903,2294.068448,128,132,On-Time,17989.14859,78.69
ORD1403,PRD618,Electronics,Global Supply Co.,Mumbai,08-08-2023,21-08-2023,178,1502,2247.008315,191,57,On-Time,132611.48,93.8
ORD1404,PRD278,Apparel,Alpha Distributors,Chennai,03-08-2023,11-08-2023,89,342,480.3398809,477,147,On-Time,12312.2494,95.1
ORD1405,PRD705,Apparel,PrimeWare,Delhi,23-03-2023,26-03-2023,33,1981,2619.415375,85,150,On-Time,21067.70737,70.26
ORD1406,PRD240,Electronics,PrimeWare,Mumbai,06-09-2023,11-09-2023,76,1762,2445.466425,189,149,On-Time,51943.44831,72.76
ORD1407,PRD895,Apparel,Nova Traders,Bangalore,22-12-2023,02-01-2024,112,462,574.3807131,161,132,On-Time,12586.63987,78.81
ORD1408,PRD331,Electronics,Alpha Distributors,Chennai,15-06-2023,20-06-2023,30,1253,1455.637933,407,77,On-Time,6079.13798,87.76
ORD1409,PRD963,Furniture,Alpha Distributors,Mumbai,18-12-2023,29-12-2023,15,1252,1457.379465,256,123,On-Time,3080.691974,74.1
ORD1410,PRD993,Electronics,PrimeWare,Chennai,09-07-2023,15-07-2023,198,267,326.1530907,401,52,On-Time,11712.31195,91.36
ORD1411,PRD663,Apparel,Alpha Distributors,Delhi,07-05-2023,13-05-2023,169,1539,2231.4344,499,58,Delayed,117021.4136,99.53
ORD1412,PRD164,Apparel,UniSource,Mumbai,13-06-2023,24-06-2023,147,734,1032.542428,22,98,Delayed,43885.73692,85.54
ORD1413,PRD470,Electronics,UniSource,Bangalore,02-03-2023,04-03-2023,19,524,721.0897172,114,105,Delayed,3744.704627,94.19
ORD1414,PRD780,Furniture,Alpha Distributors,Chennai,01-04-2023,05-04-2023,60,840,1202.847346,75,119,Delayed,21770.84077,72.34
ORD1415,PRD807,Electronics,Global Supply Co.,Delhi,18-02-2023,27-02-2023,171,324,464.2946702,146,93,On-Time,23990.3886,94.87
ORD1416,PRD152,Electronics,PrimeWare,Delhi,18-05-2023,01-06-2023,44,1821,2606.593205,134,84,Delayed,34566.101,98.16
ORD1417,PRD199,Electronics,UniSource,Mumbai,28-09-2023,12-10-2023,36,1020,1458.679602,489,117,Delayed,15792.46569,96.47
ORD1418,PRD300,Furniture,PrimeWare,Chennai,08-09-2023,13-09-2023,98,1649,2376.573719,275,92,Delayed,71302.22445,77.71
ORD1419,PRD692,Electronics,UniSource,Delhi,24-06-2023,29-06-2023,114,271,343.4247088,481,112,On-Time,8256.416804,75.99
ORD1420,PRD267,Apparel,PrimeWare,Chennai,07-09-2023,09-09-2023,132,1698,2027.751184,56,149,On-Time,43527.1563,85.41
ORD1421,PRD761,Furniture,Nova Traders,Mumbai,02-06-2023,14-06-2023,173,1880,2761.272592,57,145,Delayed,152460.1584,77.98
ORD1422,PRD637,Apparel,Alpha Distributors,Delhi,10-06-2023,22-06-2023,54,1171,1658.629884,82,110,On-Time,26332.01371,72.54
ORD1423,PRD801,Electronics,PrimeWare,Chennai,12-07-2023,18-07-2023,167,668,822.3017419,390,73,On-Time,25768.3909,88.23
ORD1424,PRD205,Electronics,Alpha Distributors,Mumbai,15-06-2023,19-06-2023,146,1414,1820.464268,330,58,Delayed,59343.78306,80.15
ORD1425,PRD812,Electronics,PrimeWare,Delhi,12-05-2023,25-05-2023,193,1752,2174.396988,114,147,On-Time,81522.61863,92.18
ORD1426,PRD430,Apparel,Global Supply Co.,Chennai,12-08-2023,14-08-2023,127,1644,2446.179569,227,82,Delayed,101876.8053,83.34
ORD1427,PRD114,Furniture,Nova Traders,Mumbai,03-12-2023,18-12-2023,181,748,969.8913485,126,56,On-Time,40162.33408,72.68
ORD1428,PRD951,Furniture,Alpha Distributors,Chennai,14-01-2023,22-01-2023,154,1981,2910.945807,453,139,On-Time,143211.6543,83.26
ORD1429,PRD253,Furniture,UniSource,Delhi,21-03-2023,27-03-2023,33,380,545.6007914,270,96,On-Time,5464.826116,82.74
ORD1430,PRD684,Electronics,Global Supply Co.,Mumbai,11-02-2023,16-02-2023,196,297,361.8232485,100,97,On-Time,12705.3567,79.28
ORD1431,PRD897,Furniture,Nova Traders,Mumbai,11-05-2023,17-05-2023,78,1634,2090.313556,353,58,Delayed,35592.45736,97.99
ORD1432,PRD413,Furniture,UniSource,Mumbai,20-12-2023,02-01-2024,70,1600,1801.131713,326,75,On-Time,14079.21994,83.15
ORD1433,PRD778,Furniture,UniSource,Delhi,22-07-2023,27-07-2023,196,1178,1766.334843,74,117,On-Time,115313.6293,75.37
ORD1434,PRD272,Furniture,Global Supply Co.,Bangalore,13-06-2023,28-06-2023,49,503,737.9141068,372,91,On-Time,11510.79123,82.71
ORD1435,PRD413,Furniture,Nova Traders,Mumbai,28-08-2023,08-09-2023,60,930,1248.962891,385,132,Delayed,19137.77349,99.56
ORD1436,PRD386,Apparel,Alpha Distributors,Bangalore,09-01-2023,22-01-2023,114,1902,2412.507942,106,106,On-Time,58197.90538,75.22
ORD1437,PRD952,Furniture,UniSource,Delhi,20-04-2023,02-05-2023,123,456,674.2068401,35,93,On-Time,26839.44133,85.62
ORD1438,PRD816,Apparel,Nova Traders,Mumbai,10-06-2023,19-06-2023,160,836,1117.09242,165,62,On-Time,44974.78724,84.93
ORD1439,PRD984,Furniture,Nova Traders,Bangalore,17-01-2023,20-01-2023,42,1646,1982.023385,389,100,On-Time,14112.98217,92.34
ORD1440,PRD490,Apparel,Global Supply Co.,Mumbai,15-09-2023,30-09-2023,169,476,567.8310223,70,110,On-Time,15519.44277,96.68
ORD1441,PRD816,Electronics,PrimeWare,Delhi,03-12-2023,05-12-2023,121,1161,1321.656725,500,72,On-Time,19439.46367,85.21
ORD1442,PRD918,Electronics,Alpha Distributors,Bangalore,18-07-2023,23-07-2023,125,810,1159.619723,322,132,On-Time,43702.46534,98.81
ORD1443,PRD109,Electronics,UniSource,Bangalore,25-01-2023,31-01-2023,135,1096,1268.03395,359,51,On-Time,23224.5833,92.76
ORD1444,PRD625,Electronics,Nova Traders,Mumbai,25-03-2023,31-03-2023,170,1883,2227.5171,295,70,On-Time,58567.90704,79.12
ORD1445,PRD908,Furniture,PrimeWare,Chennai,22-06-2023,25-06-2023,58,738,1032.533794,459,77,On-Time,17082.96008,83.85
ORD1446,PRD913,Electronics,Global Supply Co.,Chennai,23-09-2023,03-10-2023,43,1951,2878.938996,138,107,On-Time,39901.37683,75.47
ORD1447,PRD531,Electronics,UniSource,Chennai,27-10-2023,30-10-2023,89,708,951.7368544,355,119,On-Time,21692.58004,80.64
ORD1448,PRD265,Apparel,PrimeWare,Mumbai,22-02-2023,03-03-2023,122,1131,1386.142124,176,141,On-Time,31127.33917,91.58
ORD1449,PRD527,Apparel,PrimeWare,Bangalore,24-02-2023,11-03-2023,73,1586,1808.029591,410,107,Delayed,16208.16016,95.78
ORD1450,PRD936,Electronics,UniSource,Delhi,27-01-2023,03-02-2023,112,988,1143.410007,456,105,On-Time,17405.92081,80.53
ORD1451,PRD185,Electronics,UniSource,Chennai,14-01-2023,16-01-2023,91,690,884.9426488,219,76,On-Time,17739.78104,86.87
ORD1452,PRD335,Furniture,UniSource,Delhi,16-06-2023,19-06-2023,135,878,1253.330623,326,79,On-Time,50669.63412,90.84
ORD1453,PRD193,Electronics,Global Supply Co.,Delhi,05-08-2023,20-08-2023,167,482,696.8777952,41,55,On-Time,35884.59179,78.14
ORD1454,PRD743,Apparel,Global Supply Co.,Mumbai,23-03-2023,02-04-2023,174,228,270.3325848,491,117,On-Time,7365.869753,95.36
ORD1455,PRD502,Apparel,Nova Traders,Delhi,05-07-2023,10-07-2023,105,876,968.3579584,377,87,Delayed,9697.585636,97.18
ORD1456,PRD977,Furniture,UniSource,Chennai,15-12-2023,29-12-2023,76,1402,2099.362749,204,97,Delayed,52999.56896,82.08
ORD1457,PRD765,Apparel,UniSource,Bangalore,05-03-2023,09-03-2023,188,648,961.2873688,23,121,On-Time,58898.02534,89.42
ORD1458,PRD248,Apparel,Global Supply Co.,Bangalore,25-04-2023,27-04-2023,34,492,725.48851,380,138,On-Time,7938.60934,79.65
ORD1459,PRD233,Apparel,Nova Traders,Chennai,28-02-2023,04-03-2023,173,1128,1614.445948,405,81,On-Time,84155.14908,80.49
ORD1460,PRD287,Furniture,Alpha Distributors,Mumbai,13-05-2023,27-05-2023,166,1233,1434.452228,191,84,On-Time,33441.06978,79.71
ORD1461,PRD223,Furniture,Global Supply Co.,Chennai,16-10-2023,18-10-2023,57,1859,2507.792634,396,140,On-Time,36981.18016,90.96
ORD1462,PRD447,Electronics,Global Supply Co.,Bangalore,02-05-2023,12-05-2023,60,480,711.3956639,214,98,On-Time,13883.73983,94.04
ORD1463,PRD996,Furniture,Nova Traders,Delhi,11-03-2023,19-03-2023,68,707,970.1095126,57,93,On-Time,17891.44686,81.95
ORD1464,PRD858,Electronics,Nova Traders,Bangalore,17-06-2023,19-06-2023,154,1091,1625.797603,159,108,On-Time,82358.83089,85.92
ORD1465,PRD912,Furniture,UniSource,Bangalore,04-03-2023,15-03-2023,81,1242,1622.19249,28,115,Delayed,30795.5917,74.16
ORD1466,PRD162,Electronics,PrimeWare,Delhi,22-04-2023,30-04-2023,41,1059,1185.956403,241,105,On-Time,5205.212542,72.37
ORD1467,PRD274,Apparel,UniSource,Mumbai,10-07-2023,13-07-2023,171,1795,2102.423808,485,91,On-Time,52569.47123,87.94
ORD1468,PRD923,Furniture,PrimeWare,Chennai,04-10-2023,17-10-2023,39,1006,1355.874369,1,131,Delayed,13645.10037,81.53
ORD1469,PRD833,Electronics,UniSource,Bangalore,16-03-2023,23-03-2023,121,646,723.1441261,398,142,Delayed,9334.43926,73.25
ORD1470,PRD220,Apparel,Alpha Distributors,Mumbai,20-02-2023,24-02-2023,141,778,1055.757079,10,109,On-Time,39163.74816,74.4
ORD1471,PRD299,Furniture,Alpha Distributors,Mumbai,12-03-2023,19-03-2023,197,1663,1930.116868,387,106,On-Time,52622.02294,71.03
ORD1472,PRD750,Electronics,Alpha Distributors,Delhi,12-12-2023,17-12-2023,107,1986,2470.911898,202,59,On-Time,51885.5731,95.64
ORD1473,PRD843,Electronics,Global Supply Co.,Delhi,14-01-2023,18-01-2023,45,955,1268.024834,99,60,On-Time,14086.11753,83.23
ORD1474,PRD709,Apparel,Nova Traders,Delhi,13-05-2023,27-05-2023,149,1605,2106.736937,83,102,On-Time,74758.80357,80.29
ORD1475,PRD690,Electronics,Nova Traders,Bangalore,06-06-2023,08-06-2023,180,858,1046.670572,198,148,On-Time,33960.70303,85.81
ORD1476,PRD599,Furniture,Nova Traders,Bangalore,13-04-2023,24-04-2023,17,1431,1580.664422,316,84,On-Time,2544.295167,87.3
ORD1477,PRD853,Electronics,Global Supply Co.,Mumbai,27-07-2023,05-08-2023,138,749,1061.365189,71,97,On-Time,43106.39605,89.29
ORD1478,PRD882,Apparel,UniSource,Delhi,28-04-2023,02-05-2023,65,1082,1451.560579,370,130,On-Time,24021.43761,73.44
ORD1479,PRD964,Apparel,Nova Traders,Delhi,10-01-2023,15-01-2023,193,1091,1450.283081,39,128,On-Time,69341.63459,95.82
ORD1480,PRD148,Electronics,Alpha Distributors,Bangalore,28-04-2023,04-05-2023,31,1041,1319.004042,343,122,Delayed,8618.125302,71.34
ORD1481,PRD126,Furniture,Global Supply Co.,Mumbai,01-02-2023,05-02-2023,126,1837,2166.553478,266,129,Delayed,41523.73822,94.52
ORD1482,PRD487,Furniture,Global Supply Co.,Mumbai,15-06-2023,22-06-2023,173,611,908.7433515,337,130,On-Time,51509.59981,96.12
ORD1483,PRD245,Furniture,UniSource,Delhi,19-06-2023,22-06-2023,56,1739,2607.509762,131,73,On-Time,48636.54667,80.99
ORD1484,PRD166,Apparel,PrimeWare,Delhi,23-11-2023,28-11-2023,196,1824,2676.490512,177,121,Delayed,167088.1404,86.12
ORD1485,PRD752,Furniture,Global Supply Co.,Bangalore,20-09-2023,29-09-2023,47,1129,1430.658335,230,99,On-Time,14177.94173,89.15
ORD1486,PRD433,Furniture,PrimeWare,Bangalore,16-08-2023,19-08-2023,12,1275,1411.436485,376,68,On-Time,1637.23782,92.28
ORD1487,PRD329,Apparel,PrimeWare,Delhi,27-01-2023,03-02-2023,26,1198,1768.400082,487,143,On-Time,14830.40213,71.52
ORD1488,PRD411,Furniture,Global Supply Co.,Chennai,01-09-2023,15-09-2023,118,885,1193.030502,421,80,On-Time,36347.59927,76.49
ORD1489,PRD809,Apparel,Nova Traders,Chennai,21-01-2023,31-01-2023,152,971,1435.01545,128,113,On-Time,70530.34839,92.94
ORD1490,PRD519,Electronics,PrimeWare,Mumbai,14-01-2023,16-01-2023,41,658,733.686248,23,125,On-Time,3103.136167,84.46
ORD1491,PRD287,Apparel,UniSource,Bangalore,09-03-2023,18-03-2023,199,1921,2290.240249,417,88,On-Time,73478.80957,86.27
ORD1492,PRD713,Electronics,Global Supply Co.,Mumbai,15-04-2023,19-04-2023,13,423,473.5595353,279,66,On-Time,657.2739584,73.4
ORD1493,PRD345,Electronics,Nova Traders,Chennai,19-06-2023,04-07-2023,109,1186,1709.501332,106,115,On-Time,57061.6452,74.81
ORD1494,PRD557,Furniture,Global Supply Co.,Mumbai,06-08-2023,20-08-2023,67,1307,1794.138259,265,87,On-Time,32638.26336,75.61
ORD1495,PRD359,Electronics,PrimeWare,Mumbai,17-08-2023,30-08-2023,26,949,1339.228894,381,63,On-Time,10145.95124,84.05
ORD1496,PRD650,Electronics,UniSource,Chennai,13-04-2023,16-04-2023,166,1360,1854.654939,391,83,Delayed,82112.71984,70.54
ORD1497,PRD236,Furniture,Global Supply Co.,Delhi,07-10-2023,18-10-2023,179,1339,1701.757067,398,88,On-Time,64933.51508,83.68
ORD1498,PRD111,Apparel,Alpha Distributors,Bangalore,09-03-2023,15-03-2023,33,798,997.862771,344,82,Delayed,6595.471441,97.81
ORD1499,PRD550,Electronics,UniSource,Mumbai,14-09-2023,20-09-2023,145,691,845.3093066,153,133,On-Time,22374.84945,95.18
ORD1500,PRD334,Electronics,PrimeWare,Chennai,10-07-2023,13-07-2023,5,1062,1239.022236,282,77,Delayed,885.1111813,85.9
ORD1501,PRD517,Electronics,Nova Traders,Mumbai,22-04-2023,06-05-2023,73,335,455.5650667,286,149,On-Time,8801.249872,76.8
ORD1502,PRD104,Furniture,UniSource,Delhi,12-09-2023,18-09-2023,136,1401,1688.90637,180,66,On-Time,39155.26632,74.1
ORD1503,PRD650,Electronics,Nova Traders,Bangalore,26-08-2023,10-09-2023,161,1001,1176.075568,341,114,On-Time,28187.16643,94.51
ORD1504,PRD216,Furniture,Nova Traders,Mumbai,15-11-2023,24-11-2023,92,1714,2228.288969,387,119,On-Time,47314.58518,91.21
ORD1505,PRD461,Furniture,Alpha Distributors,Bangalore,17-09-2023,01-10-2023,189,1082,1272.999158,28,59,On-Time,36098.84077,83.08
ORD1506,PRD875,Furniture,Nova Traders,Bangalore,18-10-2023,28-10-2023,179,1374,1863.340918,297,114,Delayed,87592.02437,86.22
ORD1507,PRD704,Furniture,PrimeWare,Delhi,26-09-2023,29-09-2023,34,615,699.2720926,388,71,On-Time,2865.251148,77.77
ORD1508,PRD835,Electronics,PrimeWare,Chennai,18-01-2023,31-01-2023,172,1097,1400.641143,249,54,On-Time,52226.27654,76.01
ORD1509,PRD465,Furniture,Alpha Distributors,Chennai,03-12-2023,13-12-2023,176,1940,2456.545568,291,109,On-Time,90912.02005,81.72
ORD1510,PRD368,Apparel,Nova Traders,Mumbai,13-02-2023,25-02-2023,78,1244,1637.029419,329,61,On-Time,30656.2947,89.25
ORD1511,PRD184,Apparel,Alpha Distributors,Delhi,25-06-2023,29-06-2023,73,667,875.7561741,335,119,Delayed,15239.20071,70.79
ORD1512,PRD662,Electronics,Alpha Distributors,Bangalore,21-06-2023,27-06-2023,143,201,260.8683285,493,68,Delayed,8561.170973,71.28
ORD1513,PRD604,Furniture,Alpha Distributors,Bangalore,26-12-2023,29-12-2023,101,1617,2307.309981,401,52,On-Time,69721.30803,98.08
ORD1514,PRD218,Apparel,PrimeWare,Bangalore,06-05-2023,09-05-2023,137,1827,2213.577212,288,117,Delayed,52961.078,81.39
ORD1515,PRD442,Electronics,PrimeWare,Chennai,21-06-2023,30-06-2023,111,242,290.0375449,328,56,On-Time,5332.167484,90.98
ORD1516,PRD922,Apparel,Alpha Distributors,Delhi,02-11-2023,04-11-2023,175,904,1002.324413,376,142,On-Time,17206.77224,73.98
ORD1517,PRD772,Electronics,PrimeWare,Bangalore,21-11-2023,23-11-2023,89,555,743.9414066,308,106,On-Time,16815.78519,85.4
ORD1518,PRD662,Electronics,PrimeWare,Delhi,20-09-2023,26-09-2023,80,1311,1774.332833,39,88,On-Time,37066.62665,78.36
ORD1519,PRD480,Electronics,PrimeWare,Delhi,02-01-2023,13-01-2023,180,1916,2135.554093,436,112,Delayed,39519.73674,93.11
ORD1520,PRD413,Apparel,Alpha Distributors,Bangalore,28-12-2023,04-01-2024,187,1871,2405.305254,115,144,On-Time,99915.08242,81.67
ORD1521,PRD291,Apparel,UniSource,Bangalore,09-07-2023,14-07-2023,111,1498,1683.861446,192,77,On-Time,20630.62046,74.04
ORD1522,PRD569,Furniture,Global Supply Co.,Delhi,09-01-2023,23-01-2023,137,303,373.2290171,42,56,On-Time,9621.375343,75.02
ORD1523,PRD249,Furniture,PrimeWare,Mumbai,26-06-2023,01-07-2023,57,1337,1765.708182,380,75,On-Time,24436.36636,73.42
ORD1524,PRD824,Electronics,PrimeWare,Mumbai,23-06-2023,25-06-2023,85,1185,1729.186309,438,127,On-Time,46255.83629,83.83
ORD1525,PRD417,Electronics,PrimeWare,Chennai,23-05-2023,30-05-2023,144,993,1122.710134,495,83,On-Time,18678.25924,86.01
ORD1526,PRD869,Apparel,Alpha Distributors,Mumbai,28-02-2023,02-03-2023,167,844,1140.643549,302,98,Delayed,49539.47267,91.54
ORD1527,PRD645,Electronics,Alpha Distributors,Mumbai,20-09-2023,04-10-2023,57,482,650.9446012,74,82,On-Time,9629.842266,85.94
ORD1528,PRD574,Furniture,PrimeWare,Delhi,06-09-2023,10-09-2023,17,400,598.7290297,217,74,Delayed,3378.393505,78.15
ORD1529,PRD647,Furniture,Nova Traders,Chennai,18-05-2023,29-05-2023,17,974,1434.240537,327,90,On-Time,7824.089131,79.63
ORD1530,PRD779,Furniture,UniSource,Chennai,02-02-2023,11-02-2023,42,740,919.737417,101,67,On-Time,7548.971513,76.64
ORD1531,PRD891,Electronics,PrimeWare,Delhi,17-12-2023,19-12-2023,55,623,747.2259705,276,110,On-Time,6832.428376,99.76
ORD1532,PRD569,Furniture,Nova Traders,Chennai,10-06-2023,22-06-2023,195,1736,2507.715436,426,80,On-Time,150484.51,96.13
ORD1533,PRD921,Electronics,PrimeWare,Mumbai,24-10-2023,02-11-2023,9,1994,2582.814163,216,73,On-Time,5299.327463,90.72
ORD1534,PRD959,Electronics,PrimeWare,Mumbai,14-03-2023,18-03-2023,58,745,957.0034504,15,132,On-Time,12296.20012,82.02
ORD1535,PRD351,Apparel,UniSource,Bangalore,07-07-2023,13-07-2023,45,1895,2519.149424,345,59,On-Time,28086.72409,74.56
ORD1536,PRD391,Electronics,PrimeWare,Mumbai,06-09-2023,15-09-2023,72,393,549.294982,448,123,On-Time,11253.2387,78.33
ORD1537,PRD713,Apparel,UniSource,Chennai,19-08-2023,30-08-2023,79,339,464.5487018,170,131,On-Time,9918.347445,74.17
ORD1538,PRD178,Apparel,Global Supply Co.,Mumbai,02-05-2023,05-05-2023,47,1528,1929.596163,124,128,Delayed,18875.01965,87.45
ORD1539,PRD548,Furniture,Alpha Distributors,Bangalore,27-02-2023,12-03-2023,61,1396,1876.299291,186,97,Delayed,29298.25677,75.94
ORD1540,PRD773,Apparel,Global Supply Co.,Delhi,08-04-2023,17-04-2023,99,390,557.2713238,180,116,Delayed,16559.86106,76.12
ORD1541,PRD936,Apparel,Alpha Distributors,Bangalore,16-06-2023,24-06-2023,172,1387,1794.666273,105,108,On-Time,70118.59894,83.74
ORD1542,PRD560,Apparel,PrimeWare,Bangalore,07-03-2023,18-03-2023,25,1819,2423.135808,257,54,On-Time,15103.3952,93.06
ORD1543,PRD900,Apparel,Nova Traders,Delhi,23-12-2023,29-12-2023,55,1419,1719.586149,165,114,On-Time,16532.23818,95.59
ORD1544,PRD582,Furniture,PrimeWare,Delhi,02-04-2023,16-04-2023,114,1371,1769.306255,236,60,On-Time,45406.91312,83.73
ORD1545,PRD321,Apparel,UniSource,Chennai,19-11-2023,27-11-2023,186,1600,2301.217539,429,136,On-Time,130426.4622,97.63
ORD1546,PRD790,Furniture,UniSource,Mumbai,04-06-2023,07-06-2023,185,953,1241.048326,314,58,On-Time,53288.94029,92.63
ORD1547,PRD896,Apparel,PrimeWare,Chennai,05-06-2023,09-06-2023,18,562,821.846532,330,137,On-Time,4677.237576,91.97
ORD1548,PRD844,Electronics,UniSource,Delhi,28-06-2023,11-07-2023,28,973,1337.81915,476,127,Delayed,10214.93619,97.93
ORD1549,PRD737,Apparel,PrimeWare,Bangalore,02-08-2023,09-08-2023,136,1000,1183.148604,104,87,Delayed,24908.2102,99.21
ORD1550,PRD792,Apparel,PrimeWare,Bangalore,03-07-2023,05-07-2023,30,821,1144.205611,253,147,On-Time,9696.168333,98.16
ORD1551,PRD118,Apparel,UniSource,Mumbai,23-10-2023,05-11-2023,111,1110,1226.150875,200,101,On-Time,12892.74715,92.87
ORD1552,PRD520,Furniture,Nova Traders,Mumbai,23-11-2023,06-12-2023,95,823,1206.592048,411,69,On-Time,36441.24457,74.71
ORD1553,PRD281,Apparel,UniSource,Delhi,14-11-2023,21-11-2023,96,1930,2250.596212,279,119,On-Time,30777.23639,80.46
ORD1554,PRD707,Electronics,UniSource,Chennai,26-06-2023,09-07-2023,193,801,1121.551451,74,118,On-Time,61866.43006,98.66
ORD1555,PRD144,Electronics,Alpha Distributors,Delhi,15-06-2023,20-06-2023,55,1112,1517.820646,180,66,On-Time,22320.13554,70.8
ORD1556,PRD103,Apparel,Alpha Distributors,Delhi,01-06-2023,08-06-2023,122,1649,2203.788996,330,137,Delayed,67684.25752,87.28
ORD1557,PRD678,Apparel,PrimeWare,Chennai,18-03-2023,25-03-2023,160,1977,2337.819395,288,72,On-Time,57731.10312,81.26
ORD1558,PRD928,Electronics,Alpha Distributors,Mumbai,11-12-2023,26-12-2023,7,1526,1885.526691,137,52,On-Time,2516.686837,80.85
ORD1559,PRD479,Electronics,PrimeWare,Bangalore,15-12-2023,20-12-2023,166,1125,1439.255036,475,76,On-Time,52166.33596,95.03
ORD1560,PRD699,Electronics,UniSource,Bangalore,23-02-2023,25-02-2023,124,1116,1330.702429,408,54,On-Time,26623.10117,91.38
ORD1561,PRD758,Furniture,Nova Traders,Bangalore,20-12-2023,25-12-2023,65,340,436.3033924,84,103,On-Time,6259.720508,81.69
ORD1562,PRD322,Furniture,Nova Traders,Bangalore,11-12-2023,21-12-2023,24,1858,2384.890889,341,135,On-Time,12645.38135,70.4
ORD1563,PRD261,Electronics,Global Supply Co.,Chennai,18-01-2023,01-02-2023,118,1270,1675.098668,14,142,On-Time,47801.64285,99.05
ORD1564,PRD826,Furniture,PrimeWare,Bangalore,11-11-2023,15-11-2023,116,1509,2132.470429,313,55,Delayed,72322.56978,86.22
ORD1565,PRD706,Apparel,Alpha Distributors,Chennai,05-07-2023,16-07-2023,27,1766,2425.149117,389,116,Delayed,17797.02615,86.41
ORD1566,PRD709,Electronics,Nova Traders,Delhi,17-02-2023,27-02-2023,164,1905,2269.747047,30,106,Delayed,59818.51571,86.99
ORD1567,PRD771,Electronics,Nova Traders,Mumbai,01-08-2023,10-08-2023,34,1816,2532.154965,458,91,On-Time,24349.26879,91.58
ORD1568,PRD538,Furniture,Global Supply Co.,Delhi,02-01-2023,13-01-2023,117,834,1028.24078,462,89,On-Time,22726.17123,91.83
ORD1569,PRD718,Electronics,Alpha Distributors,Bangalore,22-07-2023,24-07-2023,94,1175,1512.864813,487,68,Delayed,31759.29241,88.01
ORD1570,PRD602,Electronics,UniSource,Chennai,05-04-2023,08-04-2023,198,1503,2151.424589,452,147,On-Time,128388.0686,85.64
ORD1571,PRD601,Electronics,Nova Traders,Delhi,16-12-2023,30-12-2023,104,1028,1435.595469,29,140,Delayed,42389.92879,95.07
ORD1572,PRD885,Apparel,UniSource,Mumbai,17-08-2023,23-08-2023,82,1449,1916.299419,365,78,On-Time,38318.5524,93.7
ORD1573,PRD978,Apparel,PrimeWare,Delhi,12-06-2023,15-06-2023,166,1110,1514.497589,188,76,On-Time,67146.59983,81.5
ORD1574,PRD965,Furniture,Nova Traders,Bangalore,05-08-2023,20-08-2023,174,1964,2519.843898,351,140,On-Time,96716.83817,92.95
ORD1575,PRD560,Electronics,Alpha Distributors,Delhi,20-02-2023,06-03-2023,92,1242,1673.000784,232,58,Delayed,39652.0721,89.37
ORD1576,PRD689,Furniture,Nova Traders,Chennai,10-07-2023,19-07-2023,34,1830,2592.872265,69,128,On-Time,25937.65702,70.18
ORD1577,PRD726,Electronics,UniSource,Bangalore,16-03-2023,28-03-2023,36,487,708.9847602,2,70,On-Time,7991.451366,98.24
ORD1578,PRD869,Apparel,Global Supply Co.,Chennai,02-06-2023,13-06-2023,153,1029,1351.430355,111,69,On-Time,49331.84429,70.09
ORD1579,PRD444,Apparel,Global Supply Co.,Chennai,11-10-2023,13-10-2023,163,1928,2635.468243,111,83,Delayed,115317.3236,72.72
ORD1580,PRD777,Furniture,Nova Traders,Bangalore,06-03-2023,08-03-2023,148,1344,1999.752231,53,96,On-Time,97051.33012,87.63
ORD1581,PRD478,Apparel,Nova Traders,Chennai,13-07-2023,28-07-2023,199,1231,1609.931719,343,131,On-Time,75407.41205,72.5
ORD1582,PRD783,Electronics,PrimeWare,Bangalore,17-09-2023,27-09-2023,75,1754,2381.144459,290,119,On-Time,47035.83439,88.56
ORD1583,PRD315,Electronics,UniSource,Bangalore,17-03-2023,24-03-2023,27,1092,1257.277056,459,106,On-Time,4462.480506,92.5
ORD1584,PRD635,Apparel,UniSource,Chennai,21-06-2023,23-06-2023,191,1207,1540.592164,337,106,On-Time,63716.10336,87.91
ORD1585,PRD359,Furniture,Nova Traders,Chennai,26-10-2023,05-11-2023,31,297,336.0536478,447,55,On-Time,1210.663082,87.78
ORD1586,PRD990,Apparel,PrimeWare,Mumbai,15-04-2023,25-04-2023,144,372,459.7777905,89,130,On-Time,12640.00183,70.94
ORD1587,PRD697,Furniture,PrimeWare,Chennai,03-07-2023,06-07-2023,138,946,1106.333394,447,132,On-Time,22126.00832,94.45
ORD1588,PRD579,Apparel,Alpha Distributors,Mumbai,17-12-2023,27-12-2023,18,1450,1712.967942,190,71,Delayed,4733.422959,90.25
ORD1589,PRD279,Apparel,PrimeWare,Chennai,05-10-2023,13-10-2023,89,1293,1683.659384,351,77,On-Time,34768.68522,89.1
ORD1590,PRD407,Apparel,Global Supply Co.,Bangalore,28-05-2023,06-06-2023,119,771,954.3184347,329,77,On-Time,21814.89373,96.95
ORD1591,PRD297,Apparel,UniSource,Delhi,03-10-2023,18-10-2023,142,936,1106.154287,73,88,On-Time,24161.90872,88.07
ORD1592,PRD665,Furniture,PrimeWare,Delhi,09-07-2023,13-07-2023,38,1003,1265.897925,139,145,On-Time,9990.121151,97.26
ORD1593,PRD383,Furniture,UniSource,Bangalore,26-01-2023,28-01-2023,61,1285,1672.992272,218,141,On-Time,23667.52857,97.48
ORD1594,PRD148,Electronics,UniSource,Bangalore,23-05-2023,28-05-2023,117,663,911.9072844,228,145,On-Time,29122.15227,92.3
ORD1595,PRD548,Furniture,Alpha Distributors,Delhi,24-07-2023,28-07-2023,21,602,899.7522895,374,115,On-Time,6252.798079,79.11
ORD1596,PRD520,Apparel,Global Supply Co.,Delhi,26-06-2023,07-07-2023,141,1253,1763.927632,354,68,On-Time,72040.79609,95.37
ORD1597,PRD641,Apparel,UniSource,Chennai,12-06-2023,26-06-2023,176,379,523.7905085,111,120,On-Time,25483.1295,92.88
ORD1598,PRD560,Electronics,Global Supply Co.,Chennai,11-12-2023,21-12-2023,200,364,495.6326178,430,62,On-Time,26326.52355,75.77
ORD1599,PRD412,Furniture,Nova Traders,Mumbai,10-06-2023,20-06-2023,178,248,277.4745623,461,50,On-Time,5246.472087,99.28
